Clean one bedroom	1
AMAZING LESLIEVILLE APT!!! WON'T LAST!!!	
Available April Studio , parking available Downtown	
Br Unit At The Indx Condos at Bay And Richmond	
Markham Monarch Home 4+1 Detached + Finished Basement w/Home Theater	4
Fabulous Condos 2 Bedr, 224 King St W, Possession date: Immed	2
55 Floor. CORNER South-East unit. 9' ceiling. HUGE balcony. Locker.	
New Condos 1 Bedr, 38 Dan Leckie Way, ready for: 01-Mar-19	1
3 BDRM 2ND FLR, LIV ROOM, BRICK, LARGE CLOSETS, EAT-IN KIT, D/W, LNDRY	3
bachelor available  in the Annex!!	
Absolutely Stunning, 2 Bedroom, 2 Bathroom Stacked Townhouse	2
1 bedroom at Adelaide/John	1
New Condos 1 Bedr, 87 Peter St, Possession date: Immediately	1
1 Bedroom, 2 Level Townhome In The Electra Towns	1
Birchmount/7 1bed suite with locker, parking available April 20, 2019!	1
New 1 bedroom plus den condo at Queen W	1
Birchmount/7 1 bedroom suite with parking available immediately!	1
King and Dufferin bachelor short term rent 3.2 - 4.2	
Upscale Condo 1 Bedr, 10 Queens Quay, Move in: 01-Apr-19	1
Gorgeous and spacious 1 bedroom apartment.	1
Sunny And Bright 2 Bedroom Condo, Lake And Park View	2
7/Warden 1 bedroom suite with locker and parking available immediately	1
Warden/7 1 bedroom suite with locker and parking available immediately	1
Yonge/Sheppard 2 Beds X 2 Baths Corner Unit, Se View, Parking & Locker	2
1 b, plus den at Dundas / Spadina	1
Warden/7 1 bedroom suite with locker, parking available immediately!	1
Can be rented now 3 bdrm , parking available Toronto	3
Warden/Kennedy 1B+D 2bath suite, locker, parking available immediately	1
3 story brand new town house	
FURNISHED Tridel Condo 2 Bedroom+Solarium 2 Baths 2 Parkings, 1341SF	2
Beautiful new 1 Bedr, 15 Iceboat Terr, Possession date: Immed/Tba	1
1 Bedroom at Water Park City Neptune 2	1
Warden/7 1 bed+den suite with locker, parking available April 1, 2019!	1
Prime High Park Location! Furnished Home for Rent!	
Sunlit & Luxurious One + DEN (Usable 2nd Bedroom) in King West	2
Trendy One + DEN (Usable 2nd Bedroom) in Upscale Musee Condo w/PARKING	2
Sundrenched and Spacious TWO Bedroom in NEW AXIOM Condos	2
MAPLE LEAF SQUARE CONDOS - 65 BREMNER BLVD - 1 BEDROOM (VIDEO) $2100	1
Fabulous Condos 0 Bedr, 60 Colborne St, Possession date: Immediate	0
Sundrenched Two Bedroom Corner Unit in NEW SMART HOUSE Condos	2
Spacious and Sunlit One Bedroom in BRAND NEW NOIR CONDOS	1
Sundrenched and Spacious TWO Bedroom in BRAND NEW GRID Condo	2
Never Lived-In Menkes Built 1 Bedroom + Hardwood Floors -Cn Tower View	1
Ajax 3 Beds X 2 Baths Townhome + 2 Parkings, One Bus To Go Station	3
4 Bedroom Family Home On A 334' Deep Ravine Lot + Basement	4
1 Br + Den (can be 2nd Bedrm) In Downtown Toronto, Minutes To Subways	1
Maple Grove Model! 3 Bedroom Townhouse In Quiet Street - SS Appliances	3
Luxury units 0 Bedr, 100 Harbour St, Move in: Immediate	0
2 BED/2 BATH - BRAND NEW CONDO FOR RENT @ TORONTO | SUGAR BEACH PARK	2
1 BED / 1 BATH - LUXURIOUS CONDO FOR RENT @ TORONTO | DOWNTOWN	1
2 BED / 2 BATH- UPGRADED CONDO FOR RENT @ BRAMPTON|BRAMPTON GO STATION	2
2 BED/1 BATH-UPGRADED CONDO FOR RENT @TORONTO|YONGE AND BLOOR|DOWNTOWN	2
1 BED - UPGRADED CONDO FOR RENT @ TORONTO | GEORGE BROWN COLLEGE	1
4 BED/ 3 BATH -UPGRADED HOUSE FOR RENT@AJAX|HARDWOOD AVE N|WESTNEY RD	4
1 BED - UPGRADED CONDO FOR RENT @ TORONTO | HARBOURFRONT	1
2 BED+ DEN/3 BATH-1600 SQ FT TWO FLOOR CONDO FOR RENT@ TORONTO	2
1 BED - LUXURIOUS CONDO FOR RENT @ ETOBICOKE | HUMBER BAY	1
1+DEN/1BATH LUXURIOUS CONDO FOR RENT@ TORONTO | RYERSON UNIVERSITY	1
4 BED/4 BATH-SPACIOUS HOUSE FOR RENT @ RICHMOND HILL |BAYVIEW & M MACK	4
4+1 BED/3 BATH RENOVATED HOUSE FOR RENT @ TORONTO|YONGE & EGLINTON	4
1 BED /1 BATH LUXURIOUS CONDO FOR RENT @TORONTO|U OF T|YONGE & COLLEGE	1
BRIGHT & EFFICIENT STUDIO AT FESTIVAL TOWER!	
Two Bed Two Bath Corner Suite With Parking	2
Waterfront Communities Brand New Jr Bedroom Unit + 1 Locker Inc	
Beautiful new 1 Bedr, 75 Queens Wharf Rd, ready for: Immed	1
Annex Duplex Townhouse w Private Backyard	
Stunning Home in The Junction!	
Luxury Boutique Condo in Lawrence Park	
Gorgeous townhouse in King West	
Stunning South Riverdale Victorian Home	
Prime Location & Views!	
One of a Kind 2 Storey Loft Space	
All Inclusive Townhouse in King West!	
Serenity in the City at Quay West by Monarch	
Stunning Apartment Loaded with Character!	
1 BED + DEN - UPGRADED CONDO FOR RENT @ TORONTO | GEORGE BROWN COLLEGE	1
Brand New Condo Townhouse - 2 bedroom + Parking Incl	2
Dufferin/St Clair/Eglinton	
Scarborough Near Tuxedo and Markham Road 2 bdrm Available March	2
Renovated 2+1 Bungalow, Lower Level W/ Great Recreation Rm, Br/Office	2
ALL INCLUSIVE 1 bed 1 bath third floor apartment @ Bloor/Ossington	1
Bayview Village 1 Br+Den 1 Bath Condo - Steps To Subway, Ttc	1
Elegant Loft Living in Trendy Junction	
Never Lived In Tribute 4 Br Townhome Willoughby Model - Close To UOIT	4
Dalhousie & Dundas 1 Bedroom + 1 Locker - Steps To Eaton's Centre	1
3 Bedroom Townhome, 2 Levels, 2 Full Baths - Hardwood Floors	3
3 Bedroom Freehold Townhome On Private Enclave In Annex - Steps to UFT	3
Trinity Bellwoods 3 Bedrm Townhouse + Walk Out Finished Basement	3
ALL INCLUSIVE 2 bed 2 bath loft @ Queen/River (90 Sumach) parking	2
2 bed 3 bath 2-storey huge St Lawrence Market loft parking terrace	2
FURNISHED 1 bed 1 bath unit in the Argyle Lofts (Queen/Dovercourt)	1
2 bed 2 bath walk up @ spadina/college w private deck	2
ALL INCLUSIVE 2 bed 1 bath apartment @ College/Bathurst	2
2 bed 2 bath 2-storey Derby Loft unit @ King/Parliament parking	2
2 bed 2 bath renovated Bloor St apartment w parking	2
NEW 2 bed 1.5 bath townhouse @Queen/Dufferin w parking+rooftop terrace	2
2 BEDROOM PLUS DEN, 2 BATHROOM AT EAST LIBERTY & STRACHEN W/ PARKING	2
3 bed 2 bath Seaton Village renovated house apt w parking	3
1 bed 1 bath loft in Toy Factory Lofts (Liberty Village) w parking	1
FURNISHED 1 bed + den 1 bath 2-storey condo in Space Lofts inclusive	1
Awesome Condo at Bay/Harbour	
1 bed + den 2 bath 2-storey loft @ King/Niagra	1
ALL INCLUSIVE 1 bed 1 bath 2-storey couchhouse loft Queen & Gladstone	1
STUDIO APARTMENT IN BLOORDALE - RECENTLY RENOVATED	0
1 bed 1 bath 2-storey penthouse loft in Distillery ALL INCLUSIVE	1
FURNISHED 1 bed 1 bath basement apartment @ College/Ossington	1
Studio apartment W MURPHY BED in the Junction (Dundas/Quebec)+parking	0
1 bed 1 bath studio loft apt in the X Condos @King/River	1
Part FURNISHED Exclusive Townhouse 2 Beds+2 Baths+Parking+Locker	2
Clarington 5 Beds X 4 Baths Home with Double Car Garage	5
4 Bedroom townhouse near Martin Grove and The Westway for rent	4
2 BEDROOM, 2 BATHROOM AT KING AND STRACHAN W/ PARKING AND LOCKER	2
Annex: Spacious,bright,quiet penthouse suite(ParkingAvl). Gay OK	
2 BEDROOM PLUS DEN 3 BATHROOM AT FRONT AND SPADINA W/ PARKING	2
Awesome 2 Bed + 2 Bath Entertainment District Condo for Lease!	2
West Facing 1 Br w/ Balcony, 508SF, 9Ft Ceiling In Condo Park Tower	1
By Great Gulf - State Of The Art Bldg - 873SF, 2 Br+Den + Parking	2
Chic Boutique 1 Br+Den(can be 2nd Bdrm) 644SF+ Large Balcony	1
4028SF MODERN Executive Home In Thornhill Woods, 5 Bedrooms	5
At The Palisades! Corner Suite 2 Bed/2 Bath 1275SF, Locker & Parking	2
MODERN 2 Bedroom Suite In Downtown Toronto  S/S App+Laminate Floors	2
FULLY FURNISHED, SHORT/LONG TERM 2 BEDROOM, 2 BATHROOM W/ PARKING	2
FULLY FURNISHED 2 BEDROOM, 2 BATHROOM UNIT IN KING WEST W/ PARKING	2
Grid condos- 2bed/ 1 bath - Suite 10 - Move in now	2
FULLY FURNISHED 2 BEDROOM, 2 BATHROOM W/ PARKING IN FINANCEDISTRICT	2
2 BEDROOM PLUS DEN, 2 BATHROOM CORNER UNIT IN HEART OF DOWNTOWN	2
1 BEDROOM PLUS DEN, 1 BATHROOM IN DOWNTOWN CORE	1
FULYL FURNISHED, ALL INCLUDSIVE 1 BEDROOM DOUBLE DEN, 1 BATHROOM	1
2 BEDROOM, 2 BATHROOM IN HEART OF CITY INCLUDES LOCKER	2
MODERN 4 BEDROOM, 3 BATHROOM TOWNHOUSE IN ETOBICOKE	4
SHANGI-LA 2 BEDROOM, 3 BATHROOM W/ PARKING	2
3 BEDROOM, 2 BATHROOM W/ LOCKER IN BAY CHARLES TOWER	3
Bright Luxury Condo With 2 Bedrooms And 2 Full Bathrooms	2
Renovated 1 bedrooms with great location, available April 1 2019	1
Brampton Clark in Brampton 2bdrm Available March	2
3 Bed Penthouse Unobstructed CN Tower view Toronto	3
Great 2-bdrm + den in Liberty Village/King West	2
Studio - New build 87 Peter (king w) Move in now	0
Grid Condo- 12 unit (Ryerson) 1+Den (can be used as 2 bed) Move in now	2
Never lived in RAVEN - Move in Now 1 bed -87 Peter	1
Stunning New 3 Bedroom 2 Bathroom Townhome, Now Available!	3
Grid Condo - 1bed move in now (dundas E/Jarvis)	1
3 Bedroom Bungalow Utilities & 2 Parkings Spaces Included - Main Floor	3
Grid Condo Brand New never lived in one Bedroom + Den	1
Great 2 + Den (Den used as 3rd Bed) Condo for Rent Mar 1 - $2990	3
BRAND NEW 89 MCGILL STREET!1BED+DEN,1BATH,BALCONY,DOWNTOWN TORONTO	1
Lovely Furnished Basement Suite (ANNEX)	
$1950 Furnished Third Floor Apt. in Victorian Home (Annex)	
YONGE & COLLEGE: BRAND NEW 2 BEDROOM 2 BATH FOR RENT	2
2BR 2 Bath For Rent at Yonge & College	2
Penthouse Floor! Split Bedroom Design-2 Bedroom+Parking+Locker	2
BRAND NEW 1 BEDROOM FOR RENT AT YONGE & COLLEGE	1
amaing 2 bedrooms available with parking	2
Furnished Bachelor apartment	0
brand new 1 bedroom avaiable immediate	1
3 BDRM 2ND FLR, LIV ROOM, BRICK, LARGE CLOSETS, EAT-IN KIT, D/W, LNDRY	3
SPACIOUS 2 BEDROOMS IN GREAT AREA!	2
Rarely Offered 1 Bed + Den In The Explorer At Waterview!	1
Vaughan FURNISHED! 17th Floor! Bedroom w/ 2 Closets, Laminate Flooring	1
WALK OUT SMALL UNIT INCLUDE UTILITY	
Clean and Bright Bsmnt STUDIO Apt - Parking+Sep W/o - Imm./ Feb/ Mar	0
2 Bedroom Apartment for Rent in Little Italy	2
Etobicoke By Islington/Lake Shore Boulevard W 1BR Can be rented now	1
$1200 ALL INCLUDED Furnished 1 Bedroom Basement Brock & 401	1
Unique One Bed Plus Den in The Heart of The Village	1
Style and Grace in Rosedale	
Outstanding Annex 4 Bedroom Renovation	4
Unique Boutique Low Rise in Desirable Little Italy	
Yorkville One Bed plus Den One Bath	1
Prime Yorkville Executive 2 Bedroom 2.5 Bath	2
Furnished Heart of Yorkville One Bed plus Den	1
Restored Perfection in Trinity Bellwoods	
Eclectic and Cozy Little Italy	
Gracious Rosedale Home	
Vibrant Boutique Condo Located in The Riverdale Neighbourhood	
Stylish and Spacious Luxury 3-Bdrm Condo in The Entertainment District	3
Nice Studio apartment for MARCH 2019	0
NICE 1BEDROOM APARTMENT FOR MAY 2019	1
Spectacular Luxury Condo, Flr To Ceiling Windows & Spacious Balconies	
Scarborough Bluffs 2 Bedroom 2 Level Backs onto Park *Available Now	2
.Stunning Corner Unit 2 Bed + 2 Bath + Parking + Locker	2
Modern loft condo in the heart of Queen West w/ CN Tower View!	0
Luxury One Bedroom Condo - Leslie and Sheppard	1
Gorgeous 1 Bedroom Unit with stunning Lakeview!	1
Can be rented now 2 bdrm , heat hot water incl Scarborough Morningsid	2
1 BR Condo, Heart of Downtown Toronto - Spadina/Adelaide	1
One Bedroom Condo For Lease- Yonge and Eglinton-March 1st,2019	1
Bright & Spacious 1 Bedroom Condo W/Spectacular City View!	1
Spacious 1 Bedroom Toronto Apartment Available Immediately!	1
Magnificent Suite, Spacious Floor Plan W/Customized Stylish Flooring	
Renovated & Fully Furnished Beautiful Semi-Detached Home	
Just Renovated Fully Furnished Suite, ALL Inclusive	
Leslieville Furnished Rental on Queen Street	
Bright 2 Bedroom 2 Washroom Townhouse With 9Ft Ceilings	2
Mount Olive On Silverstone / Manfred Ave 3 BR Available March	3
Available now 2BR , heat hot water included Mississauga	2
3 bedrooms home near Scarborough town center	3
Never Before On The Market.This Home Has Been In The Same Family Since	
Charming 1BDRM - main floor w/ sunroom, yard and double garage	1
Elegant Condo at Bloor And South Kingsway	
Nice Condo at Bloor/Yonge/Church	
Great Detached Bungalow at Bayview/Sheppard	
Amazing Detached House at Marlee/Glencairn	
Spacious 1 Bedroom Condo	1
Spacious 1 Bedroom Condo for rent	1
Luxury units 1 Bedr, 33 Harbour Sq N, starting: 01-Apr	1
Beautiful new 2 Bedr, 295 Adelaide St W, Possession date: Immediate	2
Luxury units 2 Bedr, 290 Adelaide St W, Available: Immediate	2
BRAND NEW YC CONDOS #2501!2BEDS,2BATHS,BALCONY,DOWNTOWN TORONTO	2
BRAND NEW YC CONDOS#1911!3BEDS,2BATHS,PARKING,LOCKER,BALCONY,DTTORONTO	3
New Condos 1 Bedr, 101 Peter St E, Move in: Immediate	1
BRAND NEW YC CONDOS #1606!1BED+DEN,1BATH,BALCONY,DOWNTOWN TORONTO	1
3-Bdrm Main Floor in a Legal Duplex in North East Oshawa	3
stunning unit mins to downtown utilities/internet included i	
LARGE 2 Bed + Den, 2 Bath with Parking Downtown	2
Luxury units 1 Bedr, 375 King St W, starting: Imme	1
brand new never lived in before massive living room entertainment dist	
brand new never lived in before panoramic view over 600sqft!	
brand new never lived in before only $1850!	
2 bedroom downtown Toronto	2
queen west village locker included very spacious!	
Upscale Condo 1 Bedr, 352 Front St W, starting: March 1st/Tba	1
yorkville parking/locker included fully furnished over 900sqft!	
stunning townhouse parking included over 900sqft!	
stunning home attached garage modern home stand in shower!	
Beautiful new 1 Bedr, 525 Adelaide St W, ready for: Immediate	1
waterfront parking/locker/utilities included + den over 900sqft!	
For Lease: 2-Year New Custom-Built Home	
entertainment district utilities included fully furnished!	
New Condos 2 Bedr, 70 Temperance St, ready for: Immediate/Tba	2
One bedroom plus study in Luxury Chaz condos! - Yonge and Bloor!	1
Beautiful basement great location	
New Condos 1 Bedr, 87 Peter St, ready for: Imme	1
Fabulous Condos 1 Bedr, 10 Yonge St, Available: Immediate	1
BRAND NEW YC CONDOS #2002!STUDIO,1BATH,BALCONY,DOWNTOWN TORONTO	0
BRAND NEW YC CONDOS #3108!STUDIO,1BATH,BALCONY,DOWNTOWN TORONTO	0
Available March 1 BR , hot water included Newmarket	1
BRAND NEW YC CONDOS #1209!1BED+DEN,1BATH,BALCONY,DOWNTOWN TORONTO	1
Must see! Location!! March 1! Yonge-Eglinton! 1 large basement bedroom	1
BRAND NEW YC CONDOS #1209!1BED+DEN,1BATH,BALCONY,DOWNTOWN TORONTO	1
Must see! Location!! March 1! Yonge-Eglinton! 1 large basement bedroom	1
Modern 1 Bedroom + Den Condo, Walk to Subway	1
New 1-bedroom condo near Distillery District	1
Beautiful new 0 Bedr, 560 King St W, starting: Immediate	0
Furnished Basement Bachelor Apartment close to Wilson Station	0
Upscale Condo 2 Bedr, 10 York St, starting: Immediate	2
1 Bedroom Apartment Scarborough Rent Free Internet all included	1
New Condos 0 Bedr, 199 Richmond St W, Move in: Immediate	0
Boutique Apartment Near Yonge & Eglinton - WON'T LAST!	
Luxury units 1 Bedr, 228 Queens Quay W, Move in: 19-Mar	1
3 BDRM 2ND FLR, LIV ROOM, BRICK, LARGE CLOSETS, EAT-IN KIT, D/W, LNDRY	3
Free Rent downtown toronto to help with child and pet	
Fabulous Condos 1 Bedr, 68 Shuter St, Move in: 01-Mar-19	1
FURNISHED CONDO FOR RENT - CABLE & PARKING 2 Bedrm near Vic. Park Stn.	2
826SqFt- 2bed 2bath - 87 Peter - King St West	2
Grid Condo - 1bed move in now (dundas E/Jarvis)	1
The Eglinton-Belsize - 543 SqFt 1 + Den, 1 bath - $2200	1
GRID -New Build -1+den (can be 2nd bed) Suite 06	1
New Build - 2 bed - Grid - Jarvis and Dundas - Grid Suite 05 - M/I Now	2
Renovated Yorkdale Area Family House on a Large Lot	
Yonge/Finch Tridel Built 2+1 Bedroom Corner Unit! Steps To Subway	3
Wismer Community - Functional Layout W/4 Beds & 3 Full Baths - Apr 1st	4
Grid Condo (Ryerson) 1+Den (to be used as 2 bed) Move in now	1
New Build - 1bed - NOIR - Peter and King W - Nightlife	1
New Build - 1bed - NOIR - Peter and King W - Topaz Feb 1 M/I	1
Fabrik - 2B/2B - Richmond and Spadina - April move in	2
New Build - 2 bed - The Eglinton - Heath - March 13, 2019	2
The Eglinton / Redpath -Manor 1+den (can be 2 bed) 2bath April 28	1
Furnished 2-story Loft with Grand Piano, Garden	0
North York Near Dervock Cresent / Rean Drive 1 bdrm Move in now	1
Oakville 2260SF 4 Large Bedroom Townhouse + Furniture Included	4
Renovated 3+1 Br Detached - Walk To Ttc Subway - SS Appliances	4
Newly Renovated Walk-out Basement Apartment for Rent 3 Bedroom	3
1BDR - Dundas West & Bloor	1
Main TTCÈßÖ„ÅÆËøë„Åè„ÅÆÈÉ®Â±ã	
2 Bedroom available near Yonge and Wellesley	2
Bright beautiful 1 Br Condo near Yonge and Wellesley. immediately.	1
Gorgeous 2 Bedroom Apartment	2
Newly Renovated 2 Bedroom apartment	2
Cute 2 Bedroom Apartment	2
Cozy and Warm 2 Bedroom Apartment	2
Vaughan New Townhome w/Walkout Basement 3 Bedroom 4 Washroom	3
Luxury 2 Split Br + Den Corner Unit In Waterfront Communities	2
NEW Luxury E Condo 1 Br+Den (can be 2nd Br w/Sliding Dr), 9Ft Ceiling	1
YC Condo-U of T Brand New Units for Rent-Start Jan/Feb 2019	
Mississauga 2 Br+Den w/Wrap Around Balcony All Inclusive, Walk To Sq1	2
NEW Lovely 3 Bedroom Townhouse In The Great Community In OAKVILLE	3
Markham Luxury 3 Bedroom Condo Townhouse w/ Finished Basement	3
In The Heart Of The Beach -3 Br+Den (can be 4th Bed) 1,264SF Townhome	3
Vaughan 2650SF 4 Bedroom 2 Baths Detached 2 Car Garage, Laundry Room	4
Roommate Required	
1100 Sq Foot Furnished Apt	
Chic Modern Whole 3rd Fl Apt - 3+1 Beds, Spa-Like Bath, Large Terrace	4
Vaughan 4 Bedroom Semi Detached - Large & Bright Corner Premium Lot	4
Furnished 5 Bedroom House - Yonge/Steeles	5
Vaughan 2 Large Bedroom+Den Apt, Walk Out Balcony+Utilities Included	2
3 BDRM 2ND FLR, LIV ROOM, BRICK, LARGE CLOSETS, EAT-IN KIT, D/W, LNDRY	3
Georgetown South - 4 Beds, 2nd Fl Has 2 Master W/ Ensuite, W/I Closet	4
Large Open Concept, Clean Basement in Corso Italia - May 1	
Designer 3 Bed w/ 99 Transit Score!! Unit overlooks High Park!!	3
Arista Built Freehold W/O To A Great Patio 3 Bedroom Double Car Garage	3
Bright and specious one bedroom basement for rent	1
Cozy basement apartment for rent	
Upper Level 2 Bedroom Apartment In Toronto's Beaches Area	2
Spacious 1 bedroom basement apartment	1
Markham 5 Br Detached Fully Fenced Backyard, Sep Entrance Basement	5
Fully Furnished 1 Bdrm Bsmnt	1
Huge 1 Bedroom Located in Mississauga Valleys	1
Luxury 1 Bdrm Apt in Sommerville Oshawa	1
One bedroom apartment available downtown Oshawa	1
LEGAL 1 BEDROOM + DEN BASEMENT APARTMENT - WHITBY	1
Great 1Bdr Located  in the heart of Olde Whitby.	1
One Bedroom All Inclusive Located In North Oshawa	1
1000sf FURNISHED South Lake View Luxe Condo Living + Parking	
1 BDRM - all incl. - March 1 move-in	1
Luxury On Theatre Row In King West, Steps To St Andrew Subway, Parking	
Fashion House In King West, One Bdrm +Den, Great Layout, Parking	1
Riverdale! Fully Furnished Modern Home, Chef's Kit.,3rd Floor Master	
Quiet, Friendly Street. Private Back Yard W/ Deck! 2 Car Parking	
Wallace Walk! 3 Bdrm+Den Corner Unit W/9 Ft Ceilings, Modern Finishes	3
Boutique Style Condo, Steps To Subway, High Park, Bloor West Village	
Quantum South Tower, Stunning S/W View,  2 + 1, Parking / Locker	3
stunning unit + den very luxurious brand new never lived in before!	
1 Bedroom Apartment near Bloor West Village and the Junction	1
Fantastic 2 Bedroom Suite In Sought-After Queen West Neighbourhood	2
Trinity Bellwoods, Modern Upgrades , Private Backyard, Garage Parking	
2 bedrooms 2 bathrooms  main floor apartment	2
Fully Furnished Condo Unit In Lake Shore Blvd	
3-Apts. totally renovated (Dupont&Dundas)	
March 1 $1695/month 1 bdrm Broadview N. of Cosburn	1
2 bedroom 2 washroom furnished unit in a luxury condo	2
Waterfront Condo W/Executive Lake View @ Marine Parade Dr	
Furnished 1BD + Den Executive Condo (Yonge & Eglinton)	1
Available March 2 bdrm , includes heat hot water Wexford	2
Yonge/ Finch Beautiful Two Storey 2 Bdrm Townhome	2
entertainment district parking/locker included indoor pool!	
Furnished Downtown Condo!	
Two  bedroom Lower Level in Forest Hill	2
Brand New Condo Corner Unit In Zorra St	
luxurious area spacious parking/locker included over 800sf only $1975!	
Pictures don't do this beautiful condo justice!	
1 Bedroom Waterfront	1
Bloor/Jarvis Breathtaking 2 Bdrm 2Bath  W Panoramic City & Lake Views	2
brand new parking included + den stunning unit!	
Large Apartment - MUST SEE IT !!!!!!	
Brand New 2 Bedroom Condominium In Gorgeous Gibson Square for Rent	2
stunning etobicoke home mins to ttc parking included recent renovation	
Brand New 2 Bedroom Condominium In Gorgeous Gibson Square for Rent	2
Awesome Studio Suite for rent brand new Lawrence Heights for rent	
Live in Liberty Village 2 Bedroom 1.5 Bathroom No Parking	2
DNA 3 -King West Move in Today 1 Bedroom Plus Den with Parking	1
Wilson Hts/Sheppard Rare  2 Bedroom Corner Penthouse	2
Beautiful 2 bedroom + 2 bathroom for lease!	2
Beautiful 1 Bedroom + Den Condo available for rent	1
1 BD  for March 2019.  Close to Islington Subway Station	1
Yonge/Jefferson Executive 4Bdrm/5Bath  Home In Jefferson Forest	4
Large 1 Bedroom - March 1 -OPEN HOUSE TODAY	1
Brand New 2 Bed 2 Bath Condo Suite At Flemington Rd	2
Available June 2 BR , includes heat hot water Mississauga	2
Spacious 3 bedroom Townhome for lease!	3
Bayview /Sheppard Stunning 1Bdrm +Den Condo	1
$2000 / 2br - Mississauga Condos For Rent/Lease - Square One	2
Luxury 2 Bedroom, 1 Bath Condo - Queen West Area	2
$1750/ 1br - Mississauga Condos For Rent/Lease - Square One	1
Beautiful 2 bedroom + den available for lease!	2
Bright & Spacious 1 Bedrm Unit With Parking 618 Sq Ft + 25 Sq Ft Balco	1
Yonge/Finch Bright & Spacious. One Bedroom + Den With Balcony	1
QUEEN WEST ON A BUDGET 1 BEDS UPPER UNIT	1
East York On Eastdale / Goodwood Park Crescent 1 bdrm Move in now	1
Cute And Stunning Private Bedroom Apartment	
Yonge/Eglinton Sunny & Bright 2 Bdrm Plus Den	2
MUST SEE BRAND NEW STUDIO QUEEN WEST ADDRESS	0
Brand New 2 bedroom in the AXIOM for lease	2
MUST SEE SPACIOUS 1+1 ENCLOSED DEN SALT WATER POOL PARK INCLD	2
POSHY SHERWAY GARDENS 2 BEDS 1 BATHS PARKING INCLD	2
NEXT TO KIPLING STATION OVER 900 SQ FT 1+1 PARKING INCLD	2
FORGET TORONTO PRICING 3 BEDS 3 BATHS NEAR SQ 1	3
TORONTO ADDRESS RARE VALUE 3 BEDS 2 BATHS CONDO	3
FORGET TORONTO PRICING 3 BEDS 2 BATHS OVER 1200 SQ FT	3
FORGET TORONTO PRICING 3 BEDS  2 BATHS SQ ONE ADDRESS	3
PRIME LOCATION CORNER UNIT SALT WATER POOL 2 BEDS 2 BATHS PARK INCLD	2
WON'T DISAPPOINTMENT BUDGET FRIENDLY 1 BED OVER 600 SQ FT PARK INCLD	1
MUST SEE ALL INCLUSIVE 4 BEDS QUEEN WEST LOCATION ALL INCLUSIVE	4
RARELY AVAILABLE NEXT TTC STATION 5 BEDS  3 BATHS	5
BRAND NEW 1 BED CONDO UPTOWN LOCATION	1
MUST SEE BRAND NEW ENTERTAINMENT DISTRICT HIGH FLOOR	
OVER 700 SQ ST PRIME LOCATION DOWNTOWN VIEWS 1+1 DEN CAN BE 2ND BED	2
WON'T LAST DOWNTOWN ADDRESS BRAND NEW 1+1 DEN HAS A DOOR	2
WON'T LAST ALL INCLUSIVE LITTLE ITALY LOCATION	
NEXT TO TTC/SUBWAY 2 BEDS 2 BATHS PARKING&LOCKER INCLD	2
2 STOREY LOFT 1+1 OVER 900 SQ FT PARKIN INCLD	2
BRAND NEW 1 BED INDOOR POOL OUTDOOR TERRACE MAKE YOUR MOVE	1
Affordable One Bedroom Clean Apartment	1
BRAND NEW HIGH FLOOR PRIME ENTERTAINMENT DISTRICT 1 BED	1
PENTHOUSE BRAND NEW 1 BED NOIR CONDOS MUST SEE	1
HERE IT STEPS TO TTC/SUBWAY 1+1 PARKING&LOCKER INCLD	2
GREAT APARTMENT IN EVEN BETTER LOCATION 2 BEDS 2 BATHS	2
BRAND NEW 1 BED CORSO ITALIA 1 BED HURRY IN HYDRO NOT INCLD	1
CORSO ITALIA GEM UPPER UNIT 1 BED	1
OVER  700 SQ FT 1 BED TORONTO ADDRESS NEXT TO TTC	1
ST CLAIR CORSO ITALIA 1 BED NEWLY RENOVATED	1
OVER 1100 SQ FT 2 BEDS 2 BATHS TTC AT FRONT DOOR PARKING INCLD	2
MILLION DOLLAR AMENITIES&LOCATION STUNNGLY UPGRADED	
WON'T LAST EXPOSED BRICK 2 BEDS LOWER LEVEL MUST SEE	2
WON'T LAST OVER 600 SQ FT 1 BED PARKING INCLD AMAZING AMENITIES	1
PARK INCLD LUXURIOUS FURNISHED 1 BED AMAZING AMENITIES BETTER LOCATION	1
MUST SEE BRAND NEW LUXURY 1 BED INFINITY SALT WATER POOL	1
OVER 700 SQ FT 1 BED PARKING INCLD STUNNING AMENITIES	1
MUST SEE RARE VALUE 1+1 SKYLINE VIEWS TTC AT FRONT DOOR	2
MUST UNHEARD OF VALUE 2 BEDS 1 BATH  LOWER UNIT PARKING INCLD	2
STUNNING PARKLAWN ADDRESS 1 BED PARKING INCLD	1
SQUARE ONE LOCATION 2 BEDS 2 BATHS PARKING INLCD	2
square one location over 760 sq ft 1+1 2 baths parking&locker incld	2
BRAND NEW 2+1 LUXURIOUS TOWN HOUSE PARKING INCLD	3
SQUARE ONE LOCATION 2 BEDS 2 BATHS CORNER UNIT PARKING INCLD	2
OVER 1000 SQ FT 2 BEDS 2 BATHS HUGE ROOFTOP TERRACE PARKING INCLD	2
HIGH PARK ADDRESS 3 BEDS 2 BATHS PARKING INCLUDED	3
Oakville On Marlborough and Trafalgar Road 2 bdrm Move in now	2
Large 2 Bedroom Quality Apartment	2
Bright South Facing 1 Bedroom Unit Boasts Panoramic Views Of The Park	1
Quiet One Bedroom Perfect Suite	1
Short Term Furnished Rental 1+1	2
Large Bright 2 bdrm units newly renovated totally	2
All Inclusive 2 Bedroom Nice Home	2
LITTLE PORTUGAL LOCATION 3 BEDS 2 BATHS PARKING INCNLD	3
UNHEARD OF 3 BEDS LOWER LEVEL BRAND NEW PARKING INCLD	3
QUEEN WEST 2 BEDS 2 BATHS LOFT PARKING INCLD	2
malibu condos downtown address on a budget cozy studio	
STUNNING LAKEVIEWS HUGE BALCONY SPACIOUS 1+1 PARKING INCLD	2
HARD LOFT LIBERTY VILLAGE SPACIOUS 1 BED  LOCKER INCLD	1
forest hill location main floor 1 bed hurry in parking incld	1
Beautiful & Bright Unit, Trendy Neighbourhoods! Parking Included	
Gorgeous Split 2 Bdrms, 2 Spacious Full Bathrooms	2
Stunning  P/H Corner Unit, 2 Full Baths, 10 Ft Foot Ceilings, Parking	
Cabbagetown, Classic Victorian, Huge Kitchen, Rear Yard , Carport	
St. Lawrence Mkt.  2 + Den, Spacious Corner Unit, All Utilities Inc'd	2
Extensively Renovated Detached 2 Storey, One Block To Humewood School	
Renovated South Riverdale Victorian Home, Serene Garden, Rooftop Deck	
Corner Unit, Quick Walk To Yonge & Eglinton Subway. Parking	
Exceptional Boutique Condo, Interior Design Influenced Renovations	
Renovated Suite, Top Floor W/ Private Terrace, Parking, Utilities Inc	
Charming Victorian In Queen West. Rooftop Terrace, Utilities Included	
Live In The Prestigious Shangri-La! 5 Star Service & Amenities	
3 BDRM 2ND FLR, LIV ROOM, BRICK, LARGE CLOSETS, EAT-IN KIT, D/W, LNDRY	3
Ossington Village! Modern Kit., Back Yard & Deck.  Attached Garage (2)	
Townhome In The Heart Of King West. Terrace W/ Gas Line For Bbq	
Lots Of Upgrades, Newer Kitchen, Newer Windows, Central AC, Garage	
South Leaside Updated Bungalow, Private Yard W/ Deck, 1 Car Garage	
2 Bedrooms Apartment In Weston And St.Clair	2
Art Condo. Soaring 10 Foot Exposed Concrete Ceilings, Hardwood Floors	
Bright, New, Spacious Town Home In The Heart Of The Beach.	
Renovated W/ Cathedral Vaulted Ceilings, Brand New Kitchen, Parking	
Beautiful 1 Bedroom in the heart of the Distillery District	1
Prime Downtown Condo-1 + 1 (2 full bath) Spadina & Fort York	2
Yonge /Davenport Open Concept 1 Bdrm +Den Steps From Yorkville	
Yonge /Bloor Stunning 2 Bdrm Corner Unit With Huge Warp Around Balcony	2
Sheppard/Bathurst Spacious  Brand New 2 Bed, 2 Bath	2
1+1 two baths Condo for Rent Faireview Mall/Don Mills/Sheppard	2
Free 55 inch tv if move in right away Brand New 2 BEDROOM FREE PARKING AND WIF	2
Amazing 1BR+Den Condo In Empire Plaza Residences UTILITIES INCLUDED	1
Amazing 2 Bedroom Exquisite Home	2
Spacious 1BR+Den+Locker+Parking & UTILITIES INCLUDED Condo Downtown	1
1 BR in downtown Toronto for less than $2000 (2 units available)	1
Beautiful One Bedroom Plus Den With Fantastic North Views	1
Spacious 2BR 2.5BA Townhouse W/ UTILITIES INCLUDED In Long Branch	2
Expansive 2 Bedroom Upgraded Apartment	2
Large 1BR+Den 1.5BA 2-level LOFT On King St W. Utilities Included	1
Amazing 1BR+Den Loft On King West...Utilities Included	1
Large 1BR+Den+Parking Condo W/ Utilities Included On Front St	1
Secured One Bedroom Full Suite	1
Eglinton East Near McCowan and Trudelle Street 1 bdrm Avail April	1
Lovely & Spacious 2BR 2BA+Parking Condo @ Bloor & Yonge	2
Large 3BR+Private Garage Townhouse With Heat, Hydro & Water Included	3
Beautiful 2 bedroom in excellent location	2
3 BDRM 2ND FLR, LIV ROOM, BRICK, LARGE CLOSETS, EAT-IN KIT, D/W, LNDRY	3
**HYDRO + INTERNET INCLUDED** Spacious 1BR+Den 2BA W/Locker Condo	1
$1950 Furnished Third Floor Apt. in Victorian Home (Annex)	
**UTILITIES INCLUDED** Spacious 1BR Condo Downton In Bay St Corridor	1
Lovely Furnished Basement Suite (ANNEX)	
**HYDRO INCLUDED** Huge 900+ sq ft LOFT Downtown On Adelaide St E	
Large 1BR+Den+PARKING Condo In Downtown's Core & Bay & College	1
Uber Luxurious, Large 1BR+Den Condo In Downtown Waterfront Building	1
Beautiful 1BR Loft-Style Condo In Trendy King West...Tons Of Light	1
Spacious 1BR+Den+Parking Condo In Aura Building Steps To Eaton Ctr.	1
"Amazing 1BR+Den Unit Available In Trendy ""Ice Condos"" Locker Included"	1
Beautiful 1BR+Den Condo In Luxurious Harbour Plaza Residences	1
Spacious 1BR+Den Suite Available @ Bay & St Joseph	1
Amazing 2 Bed/1 Bath - $2260 - March 1st in Queen West	2
68 Shuter St - Fabulous Condo With Modern Finishes	
Main Floor for rent	
All Inclusive 2nd level/2 bed Reno'ed Apt $2150!	2
Beaches üèñÔ∏èüö¥‚õµÔ∏è apt. for rent ($2550/mo inclus	
Amazing Detached House at Runnymede / Bloor	
Elegant Detached House at Drewry/Fairchild	
Charming Semi-Detached House at Bloor St. W. & Christie St.	
Beautiful Detached House at Bathurst/Sheppard	
Great Detached House at Bloor & Runnymede	
Awesome Townhouse at Queen & Dufferin	
Nice Detached House at Burnamthorpe/ Martin Grove	
Stunning Townhouse at King & Bathurst	
Beautiful Townhouse at Finch/Bayview	
Charming Condo at Finch E. / Don Mills	
68 Shuter Street - Fabulous Condo With Modern Finishes	
Amazing Unit W/ 2 Bdrms, 2 Baths, European Inspired Kitchen	2
Stunning Detached 3 bedroom 3 bathroom Custom Built Home	3
Bathurst/Finch 1 Bedroom Basement Apartment for Rent	1
3 Bedroom Townhome In Rural Aurora	3
2 Bedroom, 2 Bathroom - Studio on Richmond	2
2 Bedroom, 2 Bathroom - Noir Condominium	2
2 Bedroom, 3 Bathroom - Shangri-La Private Residences	2
2 Bedroom, 3 Bathroom - Shangri-La Private Residences	2
2 Bedroom, 2 Bathroom - Ritz Carlton Private Residences	2
2 Bedroom, 2 Bathroom - St. Regis Private Residences	2
2 Bedroom, 2 Bathroom	2
2+1 Bedroom, 2 Bathroom - The Element	3
2 Bedroom, 2 Bathroom - Icon Condominium	2
2+1 Bedroom, 3 Bathroom - Ritz Carlton Private Residences	3
2+1 Bedroom, 3 Bathroom - Shangri-La Private Residences	3
2+1 Bedroom, 2 Bathroom - Shangri-La Private Residences	3
2+1 Bedroom, 3 Bathroom - Shangri-La Private Residences	3
2+1 Bedroom, 2 Bathroom - TIFF Tower	3
2 Bedroom, 3 Bathroom - Shangri-La Private Residences	2
2 Bedroom, 3 Bathroom - Shangri-La Private Residences	2
2 Bedroom, 2 Bathroom - Ritz Carlton Private Residences	2
2+1 Bedroom, 3 Bathroom - Shangri-La Private Residences	3
1 Bedroom, 1 Bathroom - Studio 1	1
1+1 Bedroom, 1 Bathroom - Smart House	2
2+1 Bedroom, 3 Bathroom - Shangri-La Private Residences	3
1 Bedroom, 1 Bathroom - Studio 2	1
2 Bedroom, 1 Bathroom - Smart House	2
1 Bedroom, 1 Bathroom - Boutique I	1
2 Bedroom, 3 Bathroom - Shangri-La Private Residences	2
1 Bedroom, 1 Bathroom - Studio 2	1
2 Bedroom, 3 Bathroom - Shangri-La Private Residences	2
2 Bedroom, 3 Bathroom - Shangri-La Private Residences	2
2 Bedroom, 3 Bathroom - Shangri-La Private Residences	2
2 Bedroom, 3 Bathroom - Shangri-La Private Residences	2
2+1 Bedroom, 2 Bathroom - The Empire Plaza	3
2 Bedroom, 3 Bathroom - Shangri-La Private Residences	2
1 Bedroom, 2 Bathroom - Ritz Carlton Private Residences	1
Townhouse for Lease	
2+2 Bedroom, 2 Bathroom Studio 2	4
Studio Apartment - Festival Tower	0
1 Bedroom, 1 Bathroom - Queen/University	1
3+1 Bedroom, 3 Bathroom Two Storey Penthouse	4
3 Bedroom, 2 Bathroom - Smart House	3
1 Bedroom, 1 Bathroom - Smart House	1
3 Bedroom, 2 Bathroom - Smart House	3
1 Bedroom, 1 Bathroom - Smart House	1
2 Bedroom, 2 Bathroom - Theatre Park	2
1 Bedroom, 1 Bathroom - Smart House	1
2 Bedroom, 1 Bathroom - Smart House	2
2 Bedroom, 1 Bathroom - Smart House	2
3 Bed, 3 Bath Penthouse at The Artisan	3
2+1 Bedroom, 1 Bathroom - The Picasso	3
2 Bedroom, 1 Bathroom - Smart House	2
1 Bedroom, 2 Bathroom - Ritz Carlton Private Residences	1
1 Bedroom, 2 Bathroom - Ritz Carlton Private Residences	1
1+1 Bedroom, 1 Bathroom - Ten York	2
1 Bedroom, 1 Bathroom - Ten York	1
1+1 Bedroom, 2 Bathroom - Ten York	2
2 Bedroom, 2 Bathroom - Ten York	2
1 Bedroom, 1 Bathroom - Ten York	1
3 Bedroom, 2 Bathroom - Ten York	3
2 Bedroom, 1 Bathroom - Smart House	2
3 Bedroom, 2 Bathroom - Ten York	3
3 Bedroom, 3 Bathroom - Ten York	3
1 Bedroom, 1 Bathroom - Smart House	1
1+1 Bedroom, 1 Bathroom - Ten York	2
2 Bedroom, 2 Bathroom - Ten York	2
2 Bedroom, 2 Bathroom - Ten York	2
2 Bedroom, 2 Bathroom - Ten York	2
Studio Apartment - Theatre Park Residences	0
1 Bedroom, 1 Bathroom - Smart House	1
1 Bedroom, 1 Bathroom - Nior Residences	1
Minto Built RARE 2 Br+Den Se Corner Unit 9'Ceiling-Mount Pleasant East	2
Complete One Bedroom Apartment	1
EXECUTIVE Home Near Rouge Beach - 3 Beds, 2 Walkouts To Balcony&Patio	3
Seaton Village/Wallace Emerson Apt in Victorian house	
7-Story Condo Highlighted By Modern Design In Bayview/Sheppard	
Ajax Corner Lot Townhome 3 Bedroom w/ Media Rm On 2nd Fl	3
Ocean Club Condominiums, 2 Br+Den, Waterfront View In Mimico	2
Don Valley Village On Deerford Suite 112 and Don Mills Rd E 2BR Avail	
1 Bedroom Loft, with parking. Utilities included!	1
Luxury Boutique Hotel Style Studio @ Heart Of Downtown Toronto	
2-2 bedroom Furnished Luxury 5 m from Lake Ontario	2
Beautiful and Lovely Furnished One Bedroom Apartment Bay st..	1
250 Manitoba Street - Penthouse 1 Bed + DEN - 2 Washrooms - Parking	1
3 BDRM 2ND FLR, LIV ROOM, BRICK, LARGE CLOSETS, EAT-IN KIT, D/W, LNDRY	3
Luxury  very large 1 bedroom Furnished No Lease	1
FULLY-FURNISHED, 1 BEDROOM APT. INTERNET+CAB, Yonge & 16 AV	1
Renovated 1 bedroom with great location available April 1st, 2019	1
Scarborough On Markham / Brimorton Drive 1 bdrm Available May	1
Spacious Bright Unit W/ 2 Bedroom+ 1 Washroom + 2 Underground Parkings	2
208 Queens Quay!  Stunning Waterfront 1 Bed + Den + 2 Bath+ Parking!	1
461 Adelaide W - Fashion House - Gorgeous 2 Bed	2
1 bedroom + den at Spadina & Fort York	1
FLY CONDOS - 352 FRONT STREET WEST  BACHELOR W/PARK VIEWS (VIDEO)$1800	
352 FRONT STREET WEST FLY CONDOS BACHELOR W/PARK VIEWS (VIDEO) $1800	
88 HARBOUR STREET - HARBOUR PLAZA CONDOS - 1 BEDROOM (VIDEO TOUR)$2100	1
181 DUNDAS STREET EAST - GRID CONDOS - CORNER 2 BEDROOM WITH 1 BATH	2
55 BREMNER BLVD - FULLY FURNISHED 1 BEDROOM W/PARKING (VIDEO) $2500	1
14 YORK STREET - THE ICE CONDOS - 2 BEDROOM+DEN W/PARKING (VIDEO)$2800	2
8 YORK STREET - WATERCLUB - HUGE CORNER 2 BEDROOM W/PARKING (VIDEO)	2
65 BREMNER BLVD - MAPLE LEAF SQUARE - 2 BEDROOM W/PARKING (VIDEO)$4500	2
311 BAY STREET - ST. REGIS CONDOS - FURNISHED 2 BEDROOM (VIDEO) $7500	2
180 UNIVERSITY AVENUE - SHANGRI-LA CONDOS - FURNISHED 2 BEDROOM+STUDY	2
1 BEDFORD ROAD - ONE BEDFORD CONDOS - 2 BEDROOM + FAMILY ROOM (VIDEO)	2
Gorgeous, Furnished, Open Concept, 1 Bdr + Den	1
All inclusive one bedroom downtown condo	
Yonge and St Clair	
Move in now 3 bdrm , convenient parking Pickering	3
215 Queen West  - Brand New Gorgeous 2 Bed	2
106 Dovercourt! - Ten 93 Queen W Cool and Chic Brand New One Bed!!	1
8 Dovercourt - ART Condo!Gorgeous 2 Bed 2 Bath PH Level  with Parking!	2
The Backstage  - 1 The Esplanade 1 Bed + Den with Lake Views + Parking	1
348 Logan Avenue - Gorgeous Executive Rental 3 Bed +3 Bath	3
House for rent by owner in sunny Florida	
Thornhill Henderson in Thornhill 2bdrm Available April	2
Brand New 1 Br + Large Den, Walking Distance To Lansdowne Station	1
Basement Apartment with Parking	
Available Immediately! Recently Renovated Bachelor-AAA Location	
Beautiful North View Penthouse W/Hard Wood Floors Through Out	
Contemporary living in a Traditional Setting	
Cozy and Beautiful 1 Bedroom Apartment Bathurst and Finch	1
Clean and Bright Bsmnt STUDIO Apt - Parking+Sep W/o - Imm./ Feb/ Mar	0
Elegant Condo 1 Br+Den W/Sweeping Lake & Downtown Views	1
Etobicoke Near Blackfriar / Bridesburg Dr 3bdrm Available April	3
2 bedroom above ground basement for rent	2
All Inclusive 2 Bedroom 2 Washroom Condo for Rent	2
Luxury Furnished 1 Bedroom + DEN / 2 BATH	1
3 BDRM 2ND FLR, LIV ROOM, BRICK, LARGE CLOSETS, EAT-IN KIT, D/W, LNDRY	3
HERE IT IS FULL HOME 2 BEDS 2 BATHS PARKING FOR TWO	2
For rent	
PARKING INCLD 3 BEDS 2 BATHS CONNECTED TO PATH HIGH FLOOR	3
2  bedroom main and basement and high ceiling  retail store	2
brand new never lived in before spacious floor to ceiling windows!	
stunning townhouses very spacious parking included over 900sqft!	
corktown parking included + den over 1000sqft!	
financial district parking/locker included + den mins to eaton centre!	
HERE IT IS NEXT TO TTC/SUBWAY 3 BEDS RENOVATED	3
Large one plus one corner condo in Toronto	1
fashion district parking included over 900sqft!	
MUST SEE GREAT AREA OVER 1000 SQ FT 2 BEDS LAUNDRY ONSITE	2
entertainment district parking/locker included + den over 1000sqft!	
DUNDAS SQ ADDRESS SPACIOUS 1+1 PARKING INCLD MUST SEE	2
For rent	
Brand New 1+1 Unit on Yonge & College	2
stunning home massive backyard 2 parking spots over 1100sqft!	
stunning home old charm garage fashion district over 1500sqft!	
MUST SEE OVER 600 SQ FT 1+1 HARD LOFT PARKIG INCLD	2
yorkville parking/locker included + den (392sf terrace)!	
brand new never lived in before parking/locker included!	
Vaughan 1 Bedroom + Den Condo, Parking + Locker + SS Appliances	1
stunning unit very spacious parking/utilities included fully furnished	
Modern 1 Bedroom + Den Condo Walk to Subway	1
Lovely Furnished Basement Suite (ANNEX)	
$1950 Furnished Third Floor Apt. in Victorian Home (Annex)	
gorgeous home finished basement built in garage massive backyard!	
Spacious 1BR- Great Location	1
spacious lift style unit parking/locker included over 800sqft!	
MUST SEE 1 BED HARD LOFT FASHION DISTRICT LOCKER INCLD	1
Tired of Shovelling Snow?  Spacious 3 Bed Steps to Subway & High Park!	3
gorgeous spacious unit parking included over 1000sqft cant miss!	
Golfdale Gardens Near Scarborough Golf Club/Lawrence Ave E 1 BR Move	1
MUST SEE STUDIO QUEEN WEST ENTERTAINMENT DISTRICT GEM	
HERE IT IS HOT JUNCTION SPACIOUS 1 BED PARKING INCLUDED MAKE YOUR MOVE	1
brand new never lived in before + den entertainment district!	
SPACIOUS Bachelor/Studio Yonge and Bloor	
entertainment district locker included big balcony TIFF mins away!	
WON'T LAST LONG SPACIOUS STUDIO NEAR RYERSON UNIVERSITY	
2BR-REDUCED-New RENO Open Concept-Excellent Downtown Location	2
Basement small bachelor apt available April 1st at Dundas and Spadina	
1Br+Den Brand New Building. Short term lease preferred	1
waterfront parking included stunning charming unit!	
junction brand new parking included spacious unit!	
Gorgeous Spacious Furnished 1 Bedroom Plus Den Executive Suite	1
Basement large bachelor apt available now at dundas and spadina.	
Brand New  Luxurious Condo 1+1	2
Richmond Hill 5 Bedrms W/ Semi-Ensuites - 2 Car Garage, Hardwood Floor	5
Vaughan South Facing Condo 915 SF, 2 Huge Bedrooms 2 Full Baths	2
RARE Offered In Cornell - 5 Bedrm, Large Kitchen, Home Office Main Fl	5
Large 2-bedroom furnished apartment midtown	2
Huge Family 2 Bedroom Immediate	2
Huge Family 2 Bedroom Immediate	2
Immaculate, New Reno 2 Bed Newmarket Home 5 Mins South Lake Health Cen	2
2 Bedroom 2 bath Centro Square condo	2
Legion Road One plus Den	1
Richmond Hill - FURNISHED 3+1 Semi Detached - 2 Kitchens+Basement	4
Panoramic Skyline View Of Toronto - 2 Br+Den, 2 Bath - Hardwood Floors	2
one bedroom apartment for rent march 1st	1
Aurora Highlands Finished Basement 4+2 Detached + 2 Kitchens	6
Southern East Corner Unit!887SF+Balcony! Walk to Subway, 2 Parkings	
1 Bed Unit In Prime North Park Community Balcony w/ Unobstructed View	1
Tribute Townhouse Windfields Community 4 Bdrm 1 Car Garage W/O Balcony	4
Markham 4 Bedroom+4 Baths+2 Car Garage 2-Storey Detached,Inground Pool	4
Angus Glen, 4 LARGE Bedrooms, Mins To Historic Main St Unionville	4
1 Bedroom Corso Italia $1750 plus hydro	1
one bedroom plus den furnished condo harbourftont	1
1-bedroom furnished condo w. parking Yonge/Sheppard	1
Large 3-bedroom apartment with king size beds, balcony, parking	3
Furnished large 1-bedroom apartment	1
1 bedroom Apt w Balcony - Bloor & Sherbourne	1
2 Bedroom At Luxe Condos! Parking, Locker, SS Appliances -Steps To Ttc	2
1 bedroom Apt w Balcony - Bloor & Sherbourne	1
OPEN CONCEPT  STUDIOS   STATELY 19 TH CENTURY VICTORIAN MANSION	
Unique 2-Storey Condo on Harbourfront with Proximity Billy Bishop	
PET FRIENDLY 1 bdrm+den available Apr 1!	1
Spacious Condo near Vibrant King/Spadina with Parking and Locker	
Brand New Little Portugal Town House in the heart of Queen West	
Sizeable Family House with Parking, Yard, Highway Access Nearby	
Apartment Above Quiet Office near Summerhill, Rosedale, Shops	
BRAND NEW 17 DUNDONALD ST,1BED+DEN,1BATH,PARKING,LOCKER,BALCONY	1
BRAND NEW 17 DUNDONALD ST,1BED,1BATH,PARKING,LOCKER,BALCONY,DT TORONTO	1
Are You Looking To Rent A Condo/House?	
One Bdrm Condo For Rent	1
1 Bdrm + Den Condo For Rent	1
BRAND NEW 28 WELLESLEY ST E #3509,2BEDS,1BATH,BALCONY,DOWNTOWN TORONTO	2
Lovely Furnished Basement Suite (ANNEX)	
$1950 Furnished Third Floor Apt. in Victorian Home (Annex)	
BRAND NEW 28 WELLESLEY ST E,2BEDS,2BATHS,BALCONY,DOWNTOWN TORONTO	2
BRAND NEW 28 WELLESLEY ST E #2405,1BED,1BATH,BALCONY,DOWNTOWN TORONTO	1
BRAND NEW 89 MCGILL STREET #2603!1BED,1BATH,BALCONY,DOWNTOWN TORONTO	1
AURA EXECUTIVE SUITE #7405!3BEDS,2BATHS,PARKING,LOCKER,D'TOWN TORONTO	3
South Facing 1 Br Condo W/Balcony @ Town Centre Crt	1
Available May 1 bdrm , includes heat hot water Brampton	1
Modern 1 Bedroom Suite with Den and Upscale Furnishings	1
Bright 1 Bedroom Suite with East Facing City Views and Storage Locker	1
Spacious 2 Bedroom with a Den and Walk In Closet	2
Large 2 Bedroom 1.5 Bathroom Suite with Balcony and Marble Bathrooms	2
West Don Lands Toronto Furnished Condo Rental at River City I Condos	
Lovely 1 Bedroom plus 1 Bathroom with Modern Appliances	1
Contemporary 1 Bedroom plus Den with City Views and Balcony	1
Chic 1 Bed plus Den 2 Bathroom Suite with Balcony and Parking	1
Beautiful 2 Bedroom with 1 Bathroom plus Hardwood Floors	2
Elegant 1 Bedroom plus Den Suite with High Ceilings and Walk In Closet	1
Charming 1 Bedroom plus Den with Balcony and Hardwood Flooring	1
Stunning 3 Bedroom with 2.5 Bathrooms plus Fireplace	3
High Stylish 1 Bed Condo with City Views & Hardwood Floors	1
Cozy 1 Bedroom Suite in Exciting Location	1
Fresh 1 Bedroom plus 1 Bathroom with Open Concept Design	1
Brand New Never lived Luxury 1 Bedroom for Rent at Yorkdale	1
San Francsico by the Bay Bright 1 + 1 Condo next to GO Pickering	2
The Junction!! High Park, Great Location, Great Apt!	
Fantastic King West Loft Space!	
Yonge/Bloor 1 bedroom+bathroom for rent	1
Large 1 Bedroom + DEN room (1,000 sq. ft) = $1,700.00	1
Amazing Loft in Little Italy!	
Large 2 Bedroom = $1,950.00	2
Luxurious 1 Bed Plus Den Condo Suite At Sherway Gardens Rd	1
Gorgeous 2 bedroom Corner Unit	2
1 BDRM - all incl. - March 1 move in	1
Fantastic unit at One Cole!	
1 BDRM - all incl. - available imm	1
Bright & Spacious unit with Amazing Views!	
Luxury loft style home in Roncesvalles	
LARGE 1 Bedroom + DEN condo for RENT- SCARBROUGH TOWN CENTRE	1
Awesome 2 Bed + 2 Bath Entertainment District Condo for Lease!	2
1 Bdrm Condo for Rent	1
Bloor & Christie: 2 Jr Bedrooms	2
Great Layout in Liberty Village!	
Rare Renovated Oversized Unit with Parking	
Bright Two Bedroom Condo Corner Suite At Kingston Rd	2
Fantastic Liberty Village 1 Bedroom	1
Gorgeous 2 Storey King West Loft!	0
Modern One bedroom Condo in Fort York	1
3 BDRM 2ND FLR, LIV ROOM, BRICK, LARGE CLOSETS, EAT-IN KIT, D/W, LNDRY	3
Lawrence and Pharmacy Home with 2 Bedrooms	2
Huge Condo in Heart of Midtown	
Beautiful One Bedroom+Den+Parking Apt For Rent in Toronto	1
Exclusive 1+1 Bedroom Condo Unit In Viking Lane	2
LUXURY 1150 SQ.FT. 2 BEDROOM APT HIGHPARK JUNCTION BLOORWEST	2
BRAND NEW LUXURIOUS 2BR+DEN IN THE HEART OF DOWNTOWN TORONTO	2
633 BAY ST #2605,PARTIALLY FURNISHED,LARGE 1BED+DEN,2BATHS,DT TORONTO	1
Can be rented now 3 bdrm , heat electricity included Mississauga	3
Little Italy/ Main Floor April 1st	
2 bedroom Trinity Bellwoods Apartment	2
$4200 / 3br - BRAND NEW LUXURIOUS THREE BEDROOM YC CONDO IN THE HEART	3
Semi Detached for Lease	
$4200 / 4br - ATTENTION YOUNG PROFESSIONALS AND STUDENTS!!	4
Beautiful 1+1 Bedroom Apartment for Lease	2
Gorgeous Townhouse 1+Den & 2-Bath for Rent at 239 Humberland Drive	1
Whitby! 2 Bedroom 1 Bath Close to 401, Transit, Parks, EVERYTHING!	2
2 Bedroom 1 Bath 1 Parking Spot 5 Mins from the OC!	2
Large 2 bedroom 1 bath, Family friendly area of Oshawa	2
Studio/Bachelor Close to Parks, Schools, Transit. It has it all!	
1+Den 2 Bath W/Parking&Locker in Regent Park Avail. April 1st	1
Bloor West Village, Fully Reno'd Home, 5 Min Walk To Subway, Parking	
RENOVATED 1 BED AFFORDABLE TORONTO ADDRESS LAUNDRY ONSITE	1
BRAND NEW 2 BDRM CORNER CONDO FOR RENT - HIGH PARK TORONTO @ PICNIC	2
3 Bedrm Bungalow W/O To Backyard In Ravine Setting Of Highland Creek	3
PERFECT CONDO ALTERNATIVE 2 BEDS STEPS TO TTC LAUNDRY ONSITE	2
FURNISHED @ Axiom Condominiums! 1 Bedroom, 9 Ft Ceilings	1
Yonge/Eglinton 9Ft Ceiling 466SF w/Balcony 1 Bedroom Condo	1
Beautiful 2 bed 2 bath in Niagara!	2
Fieldgate Townhome In Richmond Hill 3 Bedrooms, Hardwood Floors	3
4 BEDROOM HOUSE AT VICTORIA PARK & McNICOLL!	4
House for Rent	
2 BEDROOM PLUS DEN CONDO ON LAKESHORE WEST	2
1 BEDROOM PLUS DEN CONDO IN MIMICO	1
TWO BEDROOM TOWNHOUSE IN QUEEN WEST	2
2 BEDROOM PLUS DEN TOWNHOUSE AT KING AND SHAW	2
Corktown District Lofts! 2 + Den, High Ceilings,Polished Concrete Flrs	2
RENOVATED - Large 2 Bedroom = $1,950.00	2
Large 1B + Separate Den Room	1
Large 2 Bedroom = $1,950.00	2
Markham/16th House for Rent	
STUNNING 2 BDRM CORNER CONDO FOR RENT DOWNTOWN TORONTO @ B	2
FURNISHED STUDIO CONDO FOR RENT DOWNTOWN TORONTO - DUNDAS SQUARE	0
College Park Phase I: Unfurnished 1 Bdrm for Rent at Bay and College	1
Markham/ Steels House for Rent	
Spectacular view 2 bedroom plus den for rent	2
2 Bdrm + Den in Roncesvalles	2
Dufferin/Lawrence	
BRAND NEW YC CONDOS #3213!1BED,1BATH,BALCONY,DOWNTOWN TORONTO	1
BRAND NEW YC CONDOS #2212!1BED,1BATH,BALCONY,DOWNTOWN TORONTO	1
3 Bedroom Condo for Rent	3
Renovated Furnished Rental!!	
Renovated Furnished Rental!!	
Renovated Furnished Rental!!	
WALK OUT SMALL UNIT INCLUDE UTILITY	
Gorgeous 2 Bedroom Suite with Balcony and Parking	2
Charming Junior 1 Bedroom and 1 Bathroom with Balcony	1
2bdr Davisville Village	2
Charming 1 Bedroom with 1 Bathroom plus Den and Balcony	1
2 BEDROOM FOR RENT ASAP IN SUNNY GLENWAY AND LEEWARD GLENWAY	2
2bth Downtown Condo Furnished	
2 bedroom basement apartment for rent in Ajax	2
Large Bachelor Near No Frills/Liberty Village -April 1	0
Beautiful Room for Rent near Liberty Village/No Frills	
Beautiful Room for Rent near Liberty Village/No Frills	
3 Bed 2 Bath Unit in Semi-Detached Home with Two Levels - Furnished	3
South Facing 1 Bedroom + Den With Spectacular Lake Views And Balcony!	1
Charming 1 Bedroom with 1 Bathroom with Spacious Layout	1
In Liberty Village 1 Bed Loft Walkout To 200SF Huge Terrace	1
Bayview/York Mills 3+1 Bedroom 3 Baths Bungalow + 2 Kitchens	4
~1 BEDROOM APT IN A BEAUTIFUL LESLIEVILLE HOME	1
~2 BED, 2 FLOOR APT IN A BEAUTIFUL LESLIEVILLE HOME	2
Ultimate Condo Living in Marina Del Ray	
2Bed 1300 sqft - Sherway Gardens - Toronto Luxury Rentals	2
Solid 4Bedroom Whole House At Lawrence & Bathurst!	4
Eglinton & Keele, large renovated 1 bedroom	1
Complete Renovation, Contemporary Styling, Open Concept Floor Plan	
$1959- Kingston & McCowan - Renovated 2 Bedroom  -BALCONY	2
Executive Style Condo Townhome Is Filled W/Elegance & Sophistication	
Sunny Southwest Exposure. Corner Unit. 9' Feet Ceilings.  Parking	
Charming Victorian, Reno'd To Perfection, Chef's Kit,  Utilities Inc'd	
Lovely Furnished One Bedroom Apartment... in Dundas	1
Spacious, 2 Storey P/H Unit, Large Terrace, High Ceilings, Locker	
$1295 - Renovated 2 Bedroom with balcony	2
Renovated 3+1 Home, Large Windows, Soaring Ceilings, 2 Car Garage	4
Bloor West Village. Renovated Two Storey Townhome, Garage Parking	
Modern 1 Bedroom with 1 Bathroom plus 23 Foot Ceilings and Balcony	1
heart of the city massive balcony mins to yorkville!	
Open Concept ‚Äì 1Br + Den ‚Äì partially furnished $2,650/MO	1
waterfront parking/locker included + den massive balcony!	
1346 DANFORTH, Eglinton/Danforth, BRAND NEW 1BR with Parking/BALCONY	1
Gorgeous 2 Bedroom Suite with Balcony and Parking	2
Vaughan 3+1 End-Unit Townhome - Walk Distance To Maple Go Station!	4
waterfront parking/locker included panoramic view!	
Luxury Condo - Golf Course View!	
43 STAYNER, Glencairn/Eglinton W Subway, STUNNING 3BR/1.5 Bath/Parking	3
591 ANNETTE, Annette/Runnymede, Reno'd Top Floor with Patio, MUST SEE	
10 YONGE ST, Yonge/Queens Quay, 1BR+DEN with Parking *UTILITIES FREE*	1
351 CLINTON, Bloor/Christie, Multi-Level 3BR/Deck/Parking, UTIL FREE	3
Well-maintained 1-bedroom apartments in Brampton	1
Gorgeous 2 Bedroom 2 Bath Suite with Den & Walk In Closet - Furnished	2
Bachelor] Cooksville Go Station	
Apart. - 273 South Park Rd - York	
Mid Century Design in Little Italy - Toronto Luxury Rentals	
Restored Perfection in Trinity Bellwoods	
2910 HWY 7, Vaughan/Hwy 7/Jane, *820 SQFT* 1BR+Den/2PARKING/ Util FREE	1
228 QUEENS QUAY W, 2BR/2Bath/Terrace/Parking *UTILITIES FREE*	2
Largest 1 Bedroom Model, 9' Ceiling, SS Appliances In Markham	1
65 EAST LIBERTY, Corner Suite/1BR/Parking HUGE PRIVATE TERRACE	1
388 YONGE ST- AURA, Yonge/Gerrard/Bay/College, 2BR w Parking *72nd FL*	2
8 HILLCREST, Yonge/Sheppard, 2BR/2BATH WITH PARKING, April 1	2
TWO  BEDROOMS APTS NEAR HURONTARIO AND DUNDAS	2
1 KING WEST, Luxury Residence, 1BR+Den, PARKING AND UTILITIES FREE	1
NEWLY RENOVATED 1 BEDROOM  APARTMENTS	1
Apart. - 8081 Birchmount Rd - York	
STUDIO - DUPONT AND DOVERCOURT	
TWO BEDROOM - QUEEN & BATHURST - TRINITY BELLWOODS AVE	2
ONE BEDROOM - QUEEN AND BATHURST - CLAREMONT ST	1
ONE BEDROOM - ART CONDOS - QUEEN AND DOVERCOURT	1
1-bdrm apartment at Bloor St W & Christie (utilities incl.)	1
60 ST. PATRICK, Multi-Level Condo, Loft-Like 2BR/2Bath/Patio-UTIL FREE	2
STUDIO - DUPONT AND DOVERCOURT	0
Completely Renovated 3 Bedroom In The Lower Level	3
Spacious 1 Bedroom Suite with Jacuzzi Tub & Storage Locker - Furnished	1
Apart. - 39 Upper Duke Cres - York	
APARTMENT 4 RENT IN SHARED HOME NEXT 2 HILLCREST MALL & TRANSIT!	
Apart. - 75 Norman Bethune Ave - York	
Can be rented now 1 BR , includes heat hot water East York	1
Beautiful 2 Bedroom Entire Floor Garden Suite with In Suite Laundry	2
Very Spacious Townhouse Right In The Middle Of Downsview Park !	
Apart. -7805 Bayview Ave-Utilities - York	
Gracious Rosedale Home - Fully Furished	
Stunning, Exclusive 3 Bedroom Executive	3
yonge/finch	
yonge/finch	
Humber Bay Custom Large One Bedroom Condo - Fully Furnished	1
Brand New 5 Bed 4.5 Bath in Baby Point	5
Vibrant Boutique Condo Located in The Riverdale Neighbourhoo	
1415 GERRARD ST E, Prof. Managed 3BR/2Bath, Newly Renovated, MARCH 1	3
599 BROCK AVE, Bloor/Dufferin, BSMT 2BR, *UTILITIES FREE*	2
488 EASTERN, South Riverdale/Eastern/Logan *2BR House with Parking*	2
3 CAITHNESS, The Danforth/Donlands, Reno'd 1BR/1Bath, APRIL 1	1
771 INDIAN RD, Junction/High Park North, 1BR+Den BSMT *Utilities FREE*	1
43 STAYNER, Glencairn/Eglinton W Subway, RENO'D BSMT 2BR/1Bath/Parking	2
255 DUNDAS ST E, Loft-Like 1BR/1Bath *PRIVATE ROOFTOP DECK*	1
226 BEECHY DR- BASEMENT, Richmond Hill, 2BR/1Bath with Parking	2
1662 QUEEN ST W, Updated 2BR with Laundry/Parking and DECK *April*	2
21 NELSON ST, Downtown Condo, JR 1BR/1 Bath, Avail MARCH 1	1
129 SCARLETT, Reno'd Top Floor 3BR/1Bath, Parking/Utilities FREE	3
Raised Bungalow In Oak Ridges Community Centre - 3+2 Bedrooms	5
Detached 2-Storey - Blackmore Ave - York	
Detached-2 1/2 Storey - Queensway Dr- York	
TWO LEVEL ONE BEDROOM - QUEEN WEST AND BATHURST	1
Updated - GEM on Argyle Street	
THREE BEDROOM TWO LEVEL - PRIVATE IN LAW SUITE - DUPONT AND DOVERCOURT	3
Fully Furnished -Semi-Detached 2-Storey -  Futura Ave - York	
April 1: 2br/1 bath townhome on lake, parking, BBQ	2
Detached Bungalow-Raised - Kersey Cres - York	
Best price to Lease in Toronto New Luxury Building	
Stunning 1 Br+Den in King and John st	1
ATTENTION YOUNG PROFESSIONALS AND STUDENTS!!	
Well Maintained Owner Occupied 2 Br+Den 745 SF+45 SF Balcony W/Parking	2
New Grid Condo, Panoramic View Of City Skyline 2 Bedrooms, 1 Parking	2
Aria Unit w/ Ravine View, Hardwood Floor, 1 Bed+Den+Parking+Locker	1
Orangeville Bredin Parkway in Orangeville 1 bdrm Available April	1
Pickering 2+1 Bedroom, 2 Full Bathroom Executive Corner Suite	3
1 BEDROOM APT (KINGSTONE RD & MORNINGSIDE AVE)	1
BRAND NEW LUXURIOUS THREE BEDROOM YC CONDO IN THE HEART OF DOWNTOWN AV	
Basement small bachelor apt available April1st at Dundas and Spadina	0
BRAND NEW LUXURIOUS 2BR+DEN IN THE HEART OF DOWNTOWN TORONTO	2
Basement large bachelor apt available now at dundas and spadina.	
Bright Updated Markham Main Floor Lease	
1 BEDROOM APT (KINGSTONE RD & MORNINGSIDE AVE)	1
Brand New, Never Lived In Sub-Penthouse 2 Bed/2 Bath Loft	2
High-End 1-Bed/Den (2nd Bed) Townhouse w/Parking @ Queen & Beverley	1
Bright, New, 1-Bed w/Window in Bedroom On High Floor	1
Modern, Spacious, 2-Level/2-Bed/2-Bath Loft w/Parking-Richmond/Spadina	2
2 Bed Rooms North/East Corner Unit	2
Yonge/Bloor 1 bedroom+bathroom for rent	1
Downtown Living - Yonge and Bloor !!!! March 1st !!!!	
Humber River Valley - Beautiful  Bach. Temp 3M lease	
Stunning, modern and large condo in North York	
***Stunning****  Detached Custom Built Home	
Gorgeous Luxury Condo 1 Bedroom CORNER suite @ 88 Harbour St	1
Superb 2 Bedrooms with 1 Bathroom plus Spacious Balcony	2
Expansive 4 Bedroom with 2.5 Bathrooms plus Fireplace and Jacuzzi	4
Swank 2 Bedroom Penthouse with Funky Details and Waterfront Views	2
Stylish 2 Bedroom 2 Bathroom Suite with Underground Parking	2
Spacious Two Bedroom plus Den with Amply Layout	2
Modern 2 Bedroom and 2 Bathroom Condo with Balcony	2
Chic 1 Bedroom 2 Bathroom Corner Suite with Exposed Brick Accents	1
Chic 1 Bedroom Suite with Balcony and Deluxe Building Amenities	1
Classy 3 Bedroom 2 Bathroom Corner Suite with Den	3
Contemporary 1 Bedroom plus Den with Balcony and Pet Friendly	1
Stylish 1 Bed with Easy Waterfront Access & Hardwood Floor	1
Lovely 2 Bedroom 2 Bathroom Second Floor Apartment with AC	2
2 Bedroom 2 Bathroom Townhouse with Hardwood Floors	2
Exquisite 1 Bedroom Suite with Balcony and City Views - Furnished	1
Chic 2 Bedroom Suite with Balcony and Exciting Building Amenities	2
Chic 1 Bedroom Loft with Smart Lighting, Heating and Shades	1
Posh 2 Bedroom Corner Suite with Quartz Kitchen Counter Tops	2
Chic 1 Bedroom Suite with Balcony and Granite Kitchen Counter Tops	1
Chic 1 Bedroom Plus Den Corner Suite with Parking and Water Views	1
Charming 3 Bedroom with 1 Bathroom plus Hardwood Floors	3
Fantastic 1 Bedroom Suite with South Facing City Views and Balcony	1
Spacious 1 Bedroom Plus Den Corner Suite with Water Views and Parking	1
Posh 1 Bedroom + Den Suite with Cheater En-Suite Bathroom	1
Beautiful 1 Bedroom Suite with South Facing Views and Balcony	1
Premium 1 Bedroom Plus Den Suite with Walk In Closet and King Size Bed	1
Graceful 1 Bedroom Suite with Hardwood Floors and Balcony	1
Gorgeous 1 Bedroom Suite with Balcony, City Views and High Ceilings	1
Elegant 2 Bedroom 2 Bathroom Corner Suite with Jacuzzi Tub	2
Fabulous Studio Penthouse with Hardwood Floors and high Ceilings	
Comfortable Studio Apartment with Large Patio and Street Parking	
Cozy 1 Bedroom 1 Bathroom Lower Level Suite with Private Entrance	1
Contemporary 1 Bed Plus Den With Natural Lighting And City Views	1
Marvelous 1 Bedroom 2 Bathroom Loft with Extra Large Patio	1
Trendy Main Floor Suite with Fireplace and Private Entrance	
Elegant 3 Bedroom with 2 Bathrooms plus Hardwood Floors and Patio	3
Studio Suite with 1 Bathroom plus Stainless Steel Appliances	
Divine 1 Bedroom Suite with Den and Underground Parking	1
Cozy 2 Bedroom 2 Bathroom Suite with Balcony and Visitor Parking	2
Exquisite 1 Bedroom Plus Den 2 Bathroom Suite with Huge Balcony	1
Polished 1 Bedroom 1 Bathroom Suite with City Views and Hardwood Floor	1
Dashing 1 Bedroom Suite with 1.5 Bathrooms, Balcony & Den - Furnished	1
Classy 1 Bedroom Suite with Den, Hardwood Floors and Private Balcony	1
Stunning 3 Bedroom + Library 2.5 Bath Home with In House Theatre	3
Stylish 1 Bedroom plus 1 Bathroom with Hardwood Floors	1
Large 2 Bedroom Suite with Den, King Size Master and Walk In Closet	2
Modern 1 Bedroom with Den and West Facing City Views	1
Graceful 2 Bedroom 1.5 Bathroom 2 Level Unit with Private Rooftop	2
Contemporary 1 Bedroom, 1 Bathroom Suite with Trendy Furnishing	1
Luxurious 1 Bedroom Condo with City Views and Den	1
Elegant 2 Bedrooms 2 Bathrooms Townhouse with 2 Levels and Parking	2
Charming 3 Bedroom plus Den with Private Patio and Fireplace	3
Chic 1 Bedroom with 1.5 Bathrooms plus Balcony and Pet Friendly	1
Marvelous Studio Rental with Storage Locker and North Facing Views	
Sophisticated 2 Bedroom plus Den with Wall to Wall Windows	2
Contemporary One Bedroom Plus Den with Floor to Ceiling Windows	1
Stylish 2 Bedroom plus 2 Bathrooms with Den and Private Rooftop Patio	2
Spacious 1 Bedroom with 2 Bathrooms plus Modern Kitchen	1
One Bedroom and One Bathroom available for rent	1
Unique 1 Bedroom plus Den with Clever Layout and Spacious Kitchen	1
Lovely 1 Bedroom with 1 Bathroom plus Balcony and Spa Like Bathroom	1
Contemporary 1 Bedroom with 1 Bathroom plus Modern Kitchen	1
Modern 1 Bedroom with 1 Bathroom plus Chic Kitchen and Spacious Design	1
Stylish 1 Bedroom with 1 Bathroom plus Hardwood Flooring	1
Classic 3 Bedroom with 1 Bathroom plus Patio and Hardwood Floors	3
Charming 1 Bedroom with 2 Bathrooms plus Spacious Layout	1
This Spacious & Modern 2 Bedroom 1 Bathroom Condo	2
2 BEDROOM 2 BATHROOM  IN HEART OF YORKVILLE / PRINCE ARTHUR /2BD	2
Best price to Lease in Toronto New Luxury Building	
BACHLOR APT. RYERSON CAMPUS DOWNTOWN	0
Move in now 1BR , includes heat hot water Brampton	1
Best price to Lease in Toronto New Luxury Building	
New Build - 2bed/ 1 bath - Suite 10 - Move in now	2
Exclusive Downtown Toronto Furnished Beautiful 1+1 B	2
Studio - New build 87 Peter (king w) Move in now	
New Build - 1bed - NOIR - Peter - Nighthawk	1
Grid Condo - 1bed move in now (dundas E/Jarvis)	1
YONGE SHEPPARD 3 bedroom x 2 baths- detached house $2600 + Util	3
Yonge/Finch, 2 Beds Unit rent, 2nd fl. Separate Door, $1,995	2
Large - 2bed 2bath - new build - King St West	2
New Build - 1bed - NOIR - Peter and King W - Nightlife	1
New Build - 1 + Den bed - The Eglinton - Broadway - March 27, 2019	1
The Eglinton-Belsize - 543 SqFt 1 + Den, 1 bath - $2200	1
Fine Urban Living In The Heart of King West	
Heart of Yorkville One Bed plus Den	1
Spacious and Well-Lit Two Bedrooms + Den	2
Unique Private Sun drenched  Residence in Queen West	
Upper Two Floors Of A Leslieville Victorian, Filled With Light	
Fantastic Vivid Condo, 1+1 Great Open Concept Layout	2
Renovated Bachelors & 1 Bd's in Little Italy	1
2 Bed 2 Bath For Lease Available Immediately in Queen West	2
3 BDRM 2ND FLR, LIV ROOM, BRICK, LARGE CLOSETS, EAT-IN KIT, D/W, LNDRY	3
Heart of Summerhill Two Bed plus Den - Must See!	2
Beautiful, luxury detached house in Oakville	
4Wr Magnificent Bright Executive Home Pvt Ravine Backyard Sq1 403 QEW	
Stylish and Spacious Luxury 3-Bdrm Condo in The Entertainment District	3
Outstanding Renovated 4Bed in Annex!	4
Eclectic and Cozy Little Italy	
Stylish and Spacious Luxury 3-Bdrm Condo in The Entertainment District	3
Brand New 5 Bed 4.5 Bath in Baby Point	5
Etobicoke Near Blackfriar / Dixon Road 1BR Available April	1
Entertainment District Loft Style Condo with Exposed Ceiling	
Simplistic, Open Concept Two Bedroom Plus Den Condo in Leslieville	2
Luxurious Boutique Yorkville Condo	
Newly renovated one bed basement apartment.	1
Walkout basement for rent	
Lower Level 2 Bedroom Apartment.	2
Charming, One Bedroom With Modern Finishes...Available Immediately	1
We have TWO 1-bedroom Apartments near Ryerson, Eaton Center	1
Large 1-Bedroom Apt. Near Eaton Center/Ryerson U	1
Prime West Queen West 2BR Cozy Smart Condo	2
Unique One Bed Plus Den in The Heart of The Village	1
Trendy One + DEN (2nd Bedroom) in Upscale Musee Condos w/Parking	1
Luxurious One + DEN (Usable 2nd Bedroom) in King West w/PARKING	1
Unique Boutique Low Rise in Desirable Little Italy	
Best price to Lease in Toronto New Luxury Building	
Junction and High Park. Luxury 2 bedroom apartment.	2
Best price to Lease in Toronto New Luxury Building	
Spacious 5Bedroom House Near Yonge & King!	5
Nice Basement Apartment At Bayview & Major Mackenzie!	
Rent 29 Queens Quay E Toronto For Lease	
Brand New And Never Lived In 1Bdrm Stacked Townhouse	1
Renovated 1 Bed Unit Top Floor	1
New Build - Never Lived In 2Bed with 1 Bathroom Corner Unit	2
Best price to Lease in Toronto New Luxury Building	
Rent 29 Queens Quay E Toronto For Lease	
Updated 2 Bedroom Cabbagetown Loft in a Historic Victorian House	2
Best price to Lease in Toronto New Luxury Building	
Amazing East Beaches Apartment!!!!!	
Rent 29 Queens Quay E Toronto For Lease	
Updated 2 Bedroom Cabbagetown Loft in a Historic Victorian House	2
Best price to Lease in Toronto New Luxury Building	
Amazing East Beaches Apartment!!!!!	
Rent 29 Queens Quay E Toronto For Lease	
Boutique 1-Bedroom Apartment Near Bathurst & St Clair - WILL NOT LAST!	1
**LUXURIOUS STUDIO APT WITH HUGE TERRACE FOR LEASE**	0
Furnished rental in the heart of Yorkville!	
Fashion House Lofts!  Rarely available 1 bedroom	1
Dufferin & Colllege Bst Apt for rent	
Newly renovated 2 bedroom, steps to St. Clair	2
One Bedroom Condo At Yonge & Sheppard!	1
Furnished Luxurious Westlake 1 Bedroom Condo for Rent	1
DOWNTOWN TORONTO LUXURY FULLY FURNISHED CORPORATE SUITE	
LUXURY FULLY FURNISHED CORPORATE SUITE DOWNTOWN TORONTO	
1 BEDROOM at MAPLE LEAF SQUARE DOWNTOWN TORONTO NOW	1
DOWNTOWN TORONTO LUXURY FULLY FURNISHED CORPORATE SUITE	
Very Clean 1+1 Bedroom Luxury Waterfront Condo	2
2 One-Bedroom Apts available near Eaton Center	1
Brand New Luxurious Efficient Smarthouse Condo	
Bright, South Facing Sub Penthouse condo unit	
Can be rented now 1BR , includes heat hot water Forest Hill	1
Newly Renovated! 2+1 Bedrooms with a 2 FULL baths!	3
Open Concept Spacious Basement Apartment	
2548 Kipling Avenue (1 & 2 Bedroom)	2
399 Markham (1 & 2 Bedroom)	2
1770 and 1780 Wilson Avenue (Bachelor, 1 and 2 Bedroom)	2
25-35-45 Trudelle Street (1-2-3 Bedroom)	3
Amazing 5 Bedroom House Near Sheppard & 404!!	5
2460-2500 Keele Street (Bachelors & 1 bedroom)	1
2460-2500 Keele Street, 2 bedrooms	2
1 BDRM condo; steps to subway & groceries	1
2 Bedroom  for rent March 1st	2
1 Bedroom Downtown! Steps to Yonge, Bloor,  Annex!!!	1
Stunning open concept boutique condo steps from High Park	
Large 2 Bed + Den Avail. for Rent Apr.1 - $2500	2
3 Bedroom Home Steps Frm Ttc Bus & Subway, SS Appliances + 2 KITCHENS	3
Oakville Never-Lived In Quality Built Townhome 3 Beds 3 Baths	3
3 BDRM 2ND FLR, LIV ROOM, BRICK, LARGE CLOSETS, EAT-IN KIT, D/W, LNDRY	3
NEW 1 BED X 1 BATH  + 1 LOCKER In Waterfront Communities	1
OAKVILLE Modern Townhouse, 3 Br + Main Fl Office (As 4th Bedrm)	3
Yonge/Finch - 2 Bedrooms+Solarium - Steps To Finch Subway, Ttc	2
Upgraded 4 Bedroom Town Home In Etobicoke Prime Location, 2 Terraces	4
Light Filled Approx 1,200SF 2 Bedroom And Den Loft Style Townhouse	2
Basement apartment for rent! great price, great location	
One Of A Kind, Fantastic 1+1 Large Corner Unit	2
LUXURY 1 BEDROOM+den Park Lawn and Queensway	1
Renovated 3 Bdrm Townhome+Large Finished Basement In Great North York	3
**Contemporary Masterpiece For Executive Rental In Sought After Annex*	
** Live Large in this Designer Home **	
** Prime Location - 2 Bedroom Apartment- Upper Level**	2
**2-Story Couch house Loft ** 1 bedroom, 1 bath with lots of SPACE!	1
**Spacious 2 Bedroom Apartment In Little Italy**	2
*2nd and 3rd Floor Duplex* In Queen West	
TORONTO CONDO & HOUSING RENTALS	
1 BDR @ Dovercourt & Hallam Avail April 1	1
Rent 39 Queens Quay E Toronto For Lease	
Beautiful, One Bedroom With Modern Finishes	1
Bright 1bdr+large den,Converted Factory, 850SqFt	1
Don Valley/Wynford Dr 1 Bed X 1 Bath CONDO Modern Kitchen, 9Ft Ceiling	1
North Riverdale FURNISHED 4+1 Detached, Finished Basement	5
Hwy401/Kennedy 2 Beds X 2 Baths Unit 1 Parking -AVAILABLE ASAP	2
In Whitby Downtown 3+1 Freehold TownHome, Basement, W/O To Patio	4
In Downtown Toronto 2 Bedroom X 1 Bath, 9Ft Ceilings + Outdoor Terrace	2
Penthouse Suite By Menkes In The Heart Of Willowdale! Parking & Locker	
Semi-Detached in Newmarket for Rent	
Beautiful 2 Bedroom, 2 Full Washroom Corner Unit With South West View	2
NEW 1 Bed + Den In Axiom By Greenpark Approx 667SF 1 Locker	1
Spectacular Holland Homes Courtice Neighbourhood!	
Prime Riverdale! Renovated South Facing Home	
renovated main floor 1+den apartment in a house	1
Desirable Mineola East Brand New Custom Home!	
Beautiful 1 Bedroom Unit Featuring All Hardwood Flooring	1
Newly Renovated Second Floor Apartment	
Newly Renovated Main Floor Apartment	
Beautiful Well Kept 1 Bed 1 Bath W/Comfortable Layout	1
Newly Renovated Basement Apartment plus Den	
Fashion District Loft - 1 Bed/1 Bath Unit Available	1
2 Bedroom Trinity Bellwoods Apartment	2
.  ROOM WITH DECK,NO OWNER,5 MIN. FROM SUBWAY  Main  Street	
Executive Downtown Toronto Condo - Leslieville	
Gorgeous King West 1 Bedroom Condo For Lease	1
All Inclusive Spacious & Bright 2 Bedroom Basement Apt	2
Suite 2606	
Condos For Rent	
Fabulous 2bedroom home	2
Upscale Condo 1 Bedr, 33 Harbour Sq N, Available: 01-Apr	1
BRAND NEW CORNER UNIT 2 BEDS 1 BATH HUGE WALK IN CLOSET GREAT AREA	2
MUST SEE HIGH FLOOR 2 BEDS 1 BATH DOWNTOWN ADDRESS	2
Upscale Condo 2 Bedr, 295 Adelaide St W, ready for: Immediate	2
MUST SEE BRAND NEW 2 BEDS 1 BATH DOWNTOWN ADDRESS	2
BRAND NEW DOWNTOWN ADDRESS 2 BEDS 1 BATH AMAZING AMENITIES	2
Upscale Condo 2 Bedr, 290 Adelaide St W, Possession date: Immediate	2
MUST SEE BRAND NEW 1+1 DEN ENCLOSED DOWNTOWN ADDRESS	2
MUST SEE 2 BEDS 1 BATH DOWNTOWN ADDRESS AMAZING AMENITIES	2
BRAND NEW 1 BED DOWNTOWN ADDRESS BRIGHT UNIT AMAZING AMENITIES	1
BRAND NEW YC CONDO 2BR+2BATH+BALCONY TOTAL 995 SQFT@YONGE & COLLEGE	2
MUST SEE BRAND NEW 1+1 DOWNTOWN ADDRESS GREAT AMENITIES	2
Luxury units 1 Bedr, 101 Peter St E, starting: Immediate	1
MUST SEE 1+1 BRAND NEW LUXURY DOWNTOWN ADDRESS GREAT AMENITIES	2
BRAND NEW LUXURY 1 BED HIGH FLOOR DOWNTOWN ADDRESS	1
BOUTIQUE CHELSEA LOFTS 1+1 PARKING&LOCKER INCLD	2
STUNNING VIEWS SPACIOUS 1+1 PARKING&LOCKER INCLD	2
GREAT LOCATION EVEN BETTER  LOWER UNIT HURRY IN	
MUST SEE BRAND NEW 1 BED PARKING INCLD  STEPS TO TTC/SUBWAY	1
STEPS TOO TTC/SUBWAY BRAND NEW 1 BED PARKING INCLUDED	1
BRAND NEW LUXURY SPACIOUS 1+1 PARKING AND LOCKER INCLD	2
NEXT TO TTC/SUBWAY SPACIOUS 1 BED PARKING&LOCKER INCLD	1
DOWNTOWN ADDRESS ON A BUDGET 1 BED	1
OVER 1000 SQ FT EXPOSED BRICK 2 BEDS 1 BATH	2
BRAND NEW LAKESIDE DOWNTOWN LUXURY 1 BED WALK IN CLOSET	1
BRAND NEW 2 BEDS 1 BATH STEPS TO TTC/SUBWAY	2
HIGH PARK LOCATION 1+1 PARKING AND LOCKER INCLD	2
MUST SEE INCREDIBLE AMENITIES EVEN BETTER LOCATION 1 BED	1
BRAND NEW LAKESIDE LUXURY 1 BED WON'T LAST	1
LAKESIDE LUXURY 1 BED STUNNING UPGRADES PARKING INCLD	1
DOWNTOWN ADDRESS 1+1 OVER 600 SQ FT  LOCKER INCLD	2
DOWNTOWN ADDRESS CORNER UNIT 1 BED	1
BRAND NEW NEVER LIVED IN 1 BED ENTERTAINMENT DISTRICT	1
RENOVATED DUFFERIN GROVE PARK 2 BEDS MAIN/UPPER HOME	2
RARE VALUE DOWNTWON ADDRESS OVER 700 SQ FT 1 BED PARKING INCLD	1
RENOVATED DUFFERIN GROVE PARK 2 BEDS MAIN/UPPER HOME	2
RARE VALUE DOWNTWON ADDRESS OVER 700 SQ FT 1 BED PARKING INCLD	1
LITTLE PORTUGAL LOCATION 3+1 BEDS 1 BATH	4
4 BEDS MAIN FLOOR LITTLE PORTUGAL LOCATION	4
HERE IT IS ALL INCLUSIVE 3 BEDS HOME 1 BATH	3
4 BEDS HOME LITTLE PORTUGAL HOME 2 BATHS	4
QUEEN WEST ADDRESS 1+1 PARKING&LOCKER INCLD	2
NEXT TO TTC SUBWAY SPACIOUS 1+1 PARKING&LOCKER INCLD	2
UPPER UNIT 2 BEDS STEPS TO SUBWAY WHY CONDO	2
OVER 1000 SQ FT 2 BEDS 2 BATHS 2 STOREY LOFT	2
ABSOLUTE LUXURY 2 BEDS 2 BATHS CORNER UNIT PARK&LOCKER INCLD	2
Why condo 1 bed parklawn address parking incld	1
FURNISHED JUNCTION ADDRESS 1 BED BASEMENT LEVEL ALL INCLUSIVE	1
WOW OUTDOOR POOL AND INDOOR POOL 1 BED LAKEVIEW	1
STUNNING 1+1 PARKING&LOCKER INCLD PARK LAWN ADDRESS	2
PARK LAWN ADDRESS ON A BUDGET 1 BED PARKING&LOCKER INCLD	1
ANNEX LOCATION LOWER UNIT 1+1 DEN ENCLOSED	2
LAKESIDE LUXURY ON A BUDGET SPACIOUS 1 BED PARKING INCLD	1
PARKLAWN ADDRESS 1 BED PARKING INCLD RARE VALUE	1
HIGH PARK ADDRESS 1 BED LOCKER INCLUDED	1
MUST SEE 2 BEDS 2 BATHS CORNER UNIT STEPS TO TTC PARKING INCLD	2
ALL INCLUSIVE FOREST HILL LOCATION STUNNING 1 BED HURRY IN	1
QUEEN WEST ADDRESS 2 BEDS 1 BATH GREAT VALUE	2
FASHION DISTRICT 1 BED LOFT GREAT VALUE WON'T LAST	1
WOW ST LAWRENCE MARKET GEM 1 BED	1
YORKVILLE 1+1 LUXURIOUS CONDO WON'T LAST LONG	2
ANNEX LOCATION 2+1 MAIN FLOOR 1 BATH PARKING AVAILABLE	3
MUST SEE 3 BEDS WHOLE HOME HIGH PARK LOCATION	3
KING WEST FASHION HOUSE 1 BED ROOFTOP POOL	1
KING WEST GEM 2 BEDS 2 BATHS PARKING&LOCKER INCLD	2
RARELY AVAILABLE BRICK LOFT KING WEST ADDRESS 1 BED	1
MUST SEE BRAND NEW SOUTH FACING HIGH FLR DOWNTOWN ADDRESS	
FASHION HOUSE KING WEST PARKING&LOCKER INCLD ROOFTOP POOL	
INDX CONDOS FINANCIAL DISTRICT OVER 800 SQ FT 2 BEDS 2 BATHS	2
RARE OPPORTUNITY 4 BEDS QUEEN WEST ALL INCLUSIVE OF UTILITIES	4
CONNECTED TO PATH HIGH FLOOR STUDIO HIGH END LUXURY	0
CORNER UNIT OVER 900 SQ FT 2 BEDS 2 BATHS PARK&LOCKER INCLD	2
WON'T LAST ALL INCLUSIVE BLOOR WEST ADDRESS 1 BED LOWER UNIT	1
RESORT LIKE LIVING AMENITIES 1 BED LAKE VIEW	1
HURRY IN DOWNTOWN ADDRESS BRAND NEW 1 BED CONDO	1
WHY CONDO BRAND NEW LOWER LEVEL 1 BED	1
KING WEST GEM OVER 800 SQ FT 2 BEDS 2 BATHS PARKING INCLD	2
KING WEST LOFT HUGE TERRACE 1 BED PARKING AVAILABLE	1
Fabulous Condos 1 Bedr, 375 King St W, ready for: Imme	1
BEST LAYOUT 1+1 DEN CAN BE 2ND BED SUNNY SKYLINE VIEWS	2
SPACIOUS 1+1 KING WEST PARKING&LOCKER INCLD	2
CONNECTED TO PATH HIGH FLOOR STUDIO HIGH END LUXURY	0
BRAND NEW NEVER LIVED IN 1 BED HIGH FLOOR SOUTH VIEWS	1
MUST SEE ABOVE GROUND BASEMENT 1 BED ALL INCLUSIVE OF UTILITIES	1
ICONIC Marilyn Building PENTHOUSE OVER 600 SQ FT UPGRADES PARK INCLD	
STUNNING SQ 1 LOCATION OVER 600 SQ FT 1+1 PARKING INCLD	2
DOWNTOWN ADDRESS NEAR IT ALL 2 BEDS 2 BATHS	2
TWO STOREY TOWN HOME LIBERTY VILLAGE 1 BED 2 BATHS PARKING INCLD	1
MUST SEE BRAND NEW CORNER UNIT 2 BEDS 2 BATHS	2
PRIME QUEEN WEST 2 BEDS 2 BATHS LOFT	2
MUST SEE BRAND NEW 2 BEDS 2 BATHS UPTOWN YONGE ST ADDRESS	2
Yonge/College 1+1 (2)Bedroom condo $2500/m Rental	2
MUST SEE AMAZING AMENITIES BETTER LOCATION 2+1 PARK INCLD	3
Beautiful new 1 Bedr, 352 Front St W, Move in: March 1st/Tba	1
2Bed Apt Unit with Locker-48th Floor-Grid Condos	2
New Condos 1 Bedr, 525 Adelaide St W, starting: Immediate	1
2 bedroom Trinity Bellwoods Apartment	2
Fabulous Condos 2 Bedr, 70 Temperance St, ready for: Immediate/Tba	2
347 CHARTWELL RD, MOVE IN AVAILABLE: Friday 2/22 2-4pm; Saturday 2/25	
347 CHARTWELL RD, MOVE IN AVAILABLE: Friday 2/22 2-4pm; Saturday 2/25	
Beautiful new 1 Bedr, 87 Peter St, Available: Imme	1
Upscale Condo 1 Bedr, 10 Yonge St, Possession date: Immediate	1
stunning beautiful home parking included finished basement backyard!	
waterfront + den spacious very luxurious!	
brand new never lived in before spacious floor to ceiling windows!	
Furnished Bachelor All Included Short Term	0
brand new floor to ceiling windows stunning views massive balcony!	
Fabulous Condos 0 Bedr, 560 King St W, Move in: Immediate	0
NEW 57 ST JOSEPH STREET,1BED+DEN,1BATH,TERRACE,DOWNTOWN TORONTO	1
waterfront parking/locker included + den over 700sqft!	
New Condos 2 Bedr, 10 York St, starting: Immediate	2
brand new stunning unit parking included fully furnished!	
2 bedroom apartment for rent	2
liberty village parking included over 700sqft!	
mins to yorkdale parking included indoor pool over 600sqft!	
stunning luxurious unit parking/locker included + den!	
Brand new 2 bedroom apartment at Junction	2
Beautiful & Immaculate 1 bdrm + den condo - yonge & finch	1
Beautiful new 0 Bedr, 199 Richmond St W, Available: Immediate	0
heart of the city parking/locker/utilities included+ den over 700sqft!	
queen west village over 700sqft high ceilings stunning loft!	
brand new yonge/eglinton locker included + den connected to subway!	
KING EAST/CORKTOWN LOFT	0
brand new up and coming area parking/locker included stunning homes!	
House for Rent In Scarborough	
Forest Hill	
Fabulous Condos 1 Bedr, 228 Queens Quay W, ready for: 19-Mar	1
mins to yonge locker included massive balcony!	
waterfront spacious layout floor to ceiling windows indoor pool!	
13 Denton Ave Toronto	
brand new yonge/eglinton never lived in before!	
Richmond Hill 4 Bedroom Detached + Basement - 12' Ft Ceiling Main Fl	4
Beautiful new 1 Bedr, 68 Shuter St, Possession date: 01-Mar-19	1
Condo apartment for rent	
4 Bedroom Styled Apartment Nestled In The Annex! Walk to Bathurst Stn	4
Whitby Ravine Lot & Never Live-In 4 Bedroom House, 9Ft Ceiling	4
1 Br+Den Plus Balcony Located In Richmond Hill, Parking/Locker Inc	1
2 Bedroom 2 Bath House	2
1 Br+Den At Fuse Condos! Den (Can Single Bed/Workstation/Desk/Shelf!)	1
Bright 1 bedroom with a beautiful lake view	1
Unique Studio Coach House Apartment for rent in North Oakville	
very large furnished 2 bedroom Royal York and Lakeshore	2
YONGE & FINCH 1+1, 1000 sqft condo, $1750/month	2
1+Den ~ Yonge & Davenport ~ North of Yonge & Bloor	1
Short term 4 months Condo At Bloor East	
Furnished basement apartment for rent	
3 BDRM 2ND FLR, LIV ROOM, BRICK, LARGE CLOSETS, EAT-IN KIT, D/W, LNDRY	3
Clean basement unit, free parking, near Kipling subway	
1 Bedroom + Den. Appliances, Wi-Fi included in	1
Furnished basement/ground level apartment	
NEW Condo Yonge and College near UofT	
FURNISHED 1-Bedroom+Den, FREE Parking, Wi-fi, Hydro, near CN Tower	1
Extremely Bright 2 Bed 2 Bath Corner Unit on Harbour	2
Awesome Value for 3 Bedroom Brampton Home, Will Go Fast!	3
Bachelor/1 junior bedroom condo + parking & locker - Imm./Feb (York)	1
3Bedrm 3Bathrm Townhouse Walkout Basement 2 Parking spaces + Backyard	3
Downtown Chic Furn. 2 Bdrs, 2 Baths to share with roommate, April 1st	2
Large 3 Bedroom House for Rent with parking in upper beaches toronto	3
Condo available for Rent IMMEDIATELY in the heart of Downtown	
Spacious 1 bedroom basement apartment Dundas and Ossington	1
Bright Furn. 2 Bdrs, 2 Baths Condo to share with roommate April 1	2
MOVE IN APRIL 1 - 2 Bed + Den 2 Bath St Lawrence Market	2
Stunning Upscale Townhouse in Queen West	
Queen West Boutique Condo - 1 plus 1 bed / 2 bath	2
4 Bedroom House for Rent - March 1	4
Beautiful 2 Bedroom plus 1 Bathroom with Private Entrance	2
24 Grand Magazine St Toronto	
Magnificent 2 Bedroom Plus Den with Impeccable Detail and Direct Water	2
LARGE BRIGHT TOP FLOOR 1 BEDROOM WITH SUNNY DECK DTOWN. FURNISHED	1
Exclusive Townhome On Richmond St W	
Divine 2 Bedroom 2 Bathroom Penthouse with King Size Master	2
Spacious, All-Inclusive Harbourfront Condo near York Street	
Beautiful 2 Bed 2 Bath + Parking in the Fashion District	2
Fantastic Opportunity! Newer Mattamy Luxury Rhythm!	
Stunning 2 Bed 2 Bath Boutique Building in King West	2
Village East Community Rare - Stunning & Modern !	
Loft-Style Unit on Trendy King Street East with Parking	0
COLLEGE/LANSDOWNE-3 BED/2 BATH/2 CAR PARKING-ST.CLARENS AVE	3
Beautiful One Bedroom Basement Apartment For Rent	1
NEW 648SF 1 Bedroom Britt Residence @ Bay/Wellesley - Steps to UFT	1
Waterfront Communities Lofts 399 - Stunning/Sophisticated Lofts!	0
Quiet large one bedroom in heart of Junction	1
Memphis condo 1 bedroom + 1 den at 942 Yonge st.	1
Spacious and Beautifully Renovated High Park Area House with Yard	
3 Bed/3 Bath Sun-Filled Victorian Home in Little Italy	3
BLOOR W/RUNNYMEDE-3 BED/4 BATH/1 CAR PARKING-BERESFORD AVE	3
Stunning Lake Front Bright 1 Bedroom Unit W/ A Breathtaking Water View	1
Beautiful 1 Bedroom Suite with French Doors and Great Location	1
Bayview/ Major Mackenzie House for Rent	
Spotless & Immaculate In Prestigious Castlemore	
Beautiful 1 Bed 1.5 Bath Corner Suite with Hotel Amenities - Furnished	1
RENOVATED 2 BEDROOM, STEPS FROM OSSINGTON SUBWAY. ALL INCLUSIVE!	2
ALL INCLUSIVE! LARGE 3BR UPPER DUPLEX ANNEX	3
Trendy 1 Bedroom plus Den with Balcony and Pet Friendly	1
DUNDAS/DELAWARE-3 BED/2 BATH/2 CAR PARKING-DELAWARE AVE	3
Classic One Bedroom plus Den with Minimalist Design	1
Modern 1 Bedroom and 1 Bathroom with Spacious Living and Pet Friendly	1
John/Leslie House for Rent	
MODERN Living Old Woodbridge Village 2 Bedroom + Large Patio	2
1 Br+Den Condo Short Walk to Cn Tower, Union Station,Laminate Flooring	1
ART CONDOS- 2 BED/2 BATH - DOVERCOURT ROAD	2
Markham/14th House for Rent	
BLOOR W/CRAWFORD ST-1 BED/1 BATH/1 CAR PARKING-CRAWFORD ST	1
Sleek 1 Bedroom Suite with Luxurious Amenities and City Views	1
Large One Bedroom ~ 1000sqft -$1450	1
Steeles/Kennedy House for Rent	
Elegant 2 Bedroom plus 1.5 Bathrooms with Hardwood Floors	2
Charming 1 Bedroom plus 1 Bathroom with Stainless Steel Appliances	1
Bright luxury 2 bedroom, parking, SE corner	2
Renovated Lower Level Studio with Private Entrance - Furnished	0
Charming 1 bed in Leslieville - All inclusive!!	1
Charming 2 Bedroom plus 1 Bathroom with Hardwood Flooring	2
Lovely 2 Bedroom plus 1 Bathroom with Spacious Layout	2
ASAP***Brand New 1+Den Condo Unit with Great View	1
Stylish 1 Bedroom plus 1 Bathroom with Spa-Like Bathroom	1
2+1 Apartment for rent, right next to 401	3
Luxury units 1 Bedr, 33 Harbour Sq N, Move in: 01-Apr	1
1 Br + 1 Ba - fully furnished - Distillery District - $2,395/MO	1
YONGE/WELLESLEY ST-2 BED/1 BATH-YONGE ST	2
DUNDAS/DEGRASSI-3 BED/3 BATH-FIRST AVE	3
DAVENPORT/CHRISTIE- 2 BED/1 BATH- DAVENPORT RD	2
THE BEACHES-2 BED/1 BATH/1 CAR PARKING-WINEVA AVE	2
COLLEGE/SPADINA-2 BED/1 BATH-SPADINA AVE	2
QUEEN E/LOGAN- 3 BED/3 BATH/1 CAR PARKING- LOGAN AVE	3
KENSINGTON - 3 BED/2 BATH/2 CAR PARKING-D'ARCY ST	3
DUFFERIN/ST.CLAIR-1 BED/1 BATH- ASHBURNHAM RD	1
THOMPSON RESIDENCES-2 BED/2 BATH/1 CAR PARKING-STEWART ST	2
KING W/DUFFERIN-2 BED/1 BATH -LAIDLAW ST	2
DUFFERIN/HALLAM-3 BED/1 BATH - GLADSTONE AVE	3
GERRARD/PARLIAMENT-1 BED/1 BATH-GERRARD ST E	1
BLOOR/BATHURST-4 BED/5 BATH/1 CAR PARKING-MARKHAM ST	4
LOGAN/DEGRASSI-3 BED/2 BATH - FIRST AVE	3
AVENUE/DAVENPORT-2 BED/1 BATH- CHICORA AVE	2
QUEEN/GLADSTONE-1 BED/1 BATH - BEACONSFIELD AVE	1
DUNDAS/QUEBEC-1 BED/1 BATH/1 CAR PARKING-DUNDAS ST W	1
QUEEN E/CARLAW-1 BED/1 BATH- CARLAW AVE	1
QUEEN W/BEVERLEY-1 BED+1 BATH/1 CAR PARKING- BEVERLEY ST	1
DUFFERIN/QUEEN W-2 BED/2 BATH-FLORENCE ST	2
KING E/RIVER ST-2 BED/2 BATH/1 CAR PARKING-TROLLEY CRES	2
$1750+ hydro 1 Bedroom Corso Italia	1
Upscale Condo 2 Bedr, 295 Adelaide St W, Available: Immediate	2
Contemporary 2 Bedroom plus 1 Bathroom with Hardwood Floors	2
Classic 2 Bedroom 2 Bathroom Corner Suite with Parking	2
Attractive 1 Bedroom plus 1 Bathroom with Sizable Kitchen	1
Tastefully Upgraded 1 Bedroom Unit Overlooking Lake Ontario	1
Exclusive 2 Bedroom plus 2.5 Bathroom with Hardwood Flooring	2
Luxury units 2 Bedr, 290 Adelaide St W, Move in: Immediate	2
New Condos 1 Bedr, 101 Peter St E, Move in: Immediate	1
Warden/7 1 bed+den suite with locker, parking available immediately!	1
New Condos 1 Bedr, 375 King St W, Move in: Imme	1
Warden/Enterprise 1B+D with locker, parking available mid-March 2019!	1
Large high park/junction  2 bedroom renovated	2
Beautiful new 1 Bedr, 352 Front St W, Move in: March 1st/Tba	1
Birchmount/7 1bed+den suite with locker, parking available immediately	1
Birchmount/7 1 bed + den suite available mid-March, 2019!	1
Luxury furnished 1 bedroom Park lawn and Queensway	1
Upscale Condo 1 Bedr, 525 Adelaide St W, Move in: Immediate	1
Charming 1 Bedroom plus Den with Balcony and Beautiful Views	1
Stunning One Bedroom Plus Solarium,  11th floor	1
Modern Studio Suite with Balcony and Parking Space	0
Elegant 1 Bedroom with 1 Bathroom plus Stainless Steel Appliances	1
Bright 1 Bedroom plus 1 Bathroom with Trendy Decor	1
Exquisite 1 Bedroom plus Den with Private Rooftop Patio and Fireplace	1
Apr 1st **Location!!! Luxury 1Br + Den Condo	1
bachelor available  in the Annex!!	0
Modern 1 Bedroom plus 2 Bathroom with Stainless Steel Appliances	1
+ sunroom- prime location, Bay & Bloor	
Markham Fieldgate Built 2180SF 4 Bedrooms Link By Garage w/ W/O Bsmnt	4
2200SF 4 Bedroom Freehold Townhouse In High Demand Area	4
3 Bedrm Detached In North Oshawa Walk Out To Large Entertainer's Deck	3
Sleek 2 Bedroom with 2 Bathroom with Stunning Sunrise Views	2
King St W/Shaw St 1 Bedroom Loft With Double Closets And Semi-Ensuite	1
Luxury units 2 Bedr, 70 Temperance St, Possession date: Immediate/Tba	2
GORGEOUS VIEWS!! 2 BED + DEN	2
Beautiful 1 Bedroom plus 1 Bathroom with Stainless Steel Appliances	1
VAUGHAN Never Lived-In End Unit Townhouse 3 Bedrooms+SS Appliances	3
***2 BED Little Italy, Newly Renovated Apartment**	2
***2 BED Little Italy, Newly Renovated Apartment**	2
Spacious 1 Bedroom plus Den with Balcony and Hardwood Flooring	1
Stylized 1 Bedroom Suite with Balcony and City Views	1
Spacious 2 bed 2 bath with a view!	2
Fabulous Condos 1 Bedr, 87 Peter St, Possession date: Imme	1
Beautiful 2 bed + den on a high floor for lease!	2
Tastefully Upgraded 1 Bedroom Condo Unit In Brookers Lane	1
Cresford 5 Star Condo - Steps To Wellesley Subway Station	
Dt 1 Bedroom For RENT	1
Immaculate unit in the 629 King Residences	
7/Birchmount 1B+D suite with locker, parking available immediately!	1
3 Bed Steps to Subway, High Park & More! 99 Transit Score 85 Walkscore	3
ASAP***Spacious Furnished 2 bedrooms bungalow***	2
Not your Typical Yonge & Eg Condo - 2 bedroom, 2 baths	2
Steps To Ttc Finch Subway - 2 Br Tridel Luxury Bldg - Rooftop Garden	2
Rental - 4 Bedrooms + 1 Den ‚Äì Pape and Danforth	4
1 Bedroom unit- danforth and woodbine	1
7/Warden 1 bedroom suite available immediately!	1
recent renovations back deck parking included private entrance!	
2 Beds X 2 Baths - Yonge /Finch - Parking and Locker Inc	2
Fabulous Condos 1 Bedr, 10 Yonge St, starting: Immediate	1
Newly Renovated 2 Bedroom Main Floor Unit in Woodbridge!	2
recent renovations parking included high ceiling back balcony!	
Warden/7 1 bed+den 2 bathroom suite with locker available immediately!	1
Live/work studio	0
Live/Work studio	0
2-2 bedroom furnished luxury Royal York and Lakeshore	2
Beautiful new 0 Bedr, 560 King St W, Available: Immediate	0
Luxury House Rent - Furnished or Unfurnished	
Warden/7 1B+D suite with locker and parking available March 1, 2019!	1
Birchmount/Enterprise 1B+D, locker, parking available March 1, 2019!	1
7/Warden 1B+D suite with parking available immediately!	1
2 Bedroom, 1 Bathroom - Bond Residences	2
Luxury Condo For Rent - Furnished or Unfurnished	
5 Bedroom Loft	5
Beautiful new 2 Bedr, 10 York St, ready for: Immediate	2
Stunning 1 Bedroom And Den Condo In Town Centre Crt	1
1 Bedroom, 1 Bathroom - Boutique I	1
Basement studio - Toronto Upper Beaches/Leslieville	0
entertainment district locker included great views of the park!	
1+1 Bedroom, 1 Bathroom - Empire Plaza	2
Menkes Built Se Corner 2 Bedroom -  Steps To Subway Station, UFT	2
Hwy 427/Burnhamthorpe 2 Br+Study; w/2 Balconies 1 Parking 1 Locker	2
New Condos 0 Bedr, 199 Richmond St W, ready for: Immediate	0
2 Bedrm Detached - 7 Mins Walk To Donlands Subway Station - March 19	2
STYLISH 1 Bedroom + Den (Can Be Used As 2nd Bedroom) 610SF Unit	1
Basement apartment in Roncesvalles Village available May 1st.	
FULLY FURNISHED - One Bedroom Condo, Parking & Utilities Included	1
2 Bedroom, 2 Bathroom - Four Hundred Wellington	2
Beautiful new 1 Bedr, 228 Queens Quay W, Possession date: 19-Mar	1
1+1 Bedroom Condo With Stunning South View @ Brian Harrison Way	2
Looking for a CONDO to rent or buy?	
Looking for a CONDO to rent or buy?	
Studio Apartment - Bisha Hotel and Private Residences	0
1 Bedroom, 1 Bathroom - Downtown Condos At Wellington West	1
Upscale Condo 1 Bedr, 68 Shuter St, Available: 01-Mar-19	1
Eglinton and Redpath -Millwood - New build - 1.5/2	1
87 peter - NEW - RAVEN - 1Bed move in now	1
New Build - 1bed - NOIR - Peter and King W - Topaz Feb 1 M/I	1
New build - Holly -Eglinton Redpath 1.5/2 w/ locker	1
Detached House For Rent	
One bedroom apartment ( 7th floor/ Low-rise Building 7 floors).	1
VILLAGE ON THE GRANGE 1 BEDROOM	1
Stunning bachelor	0
Amazing 1Br+Den Condo Unit In Heintzman St	1
Trendy One + DEN (Usable 2nd Bedroom) in Upscale Musee Condo w/PARKING	1
3 bedroom home in Williamsburg neighbourhood.	3
GRID -New Build -1+den (can be 2nd bed) Suite 06	1
Furnished rental in the heart of Yorkville!	
Rare availability at the Fashion House Lofts! Modern + luxury finishes	0
brand new never lived in before over 700sqft + 2 den spaces!	
brand new never lived in before be the first + den!	
BRAND NEW 2 BDRM CONDO FOR RENT - NORTH YORK TORONTO - YORKDALE	2
New Build - 1bed - NOIR - Peter and King W - Nighthawk	1
FURNISHED 1+DEN CONDO FOR RENT DOWNTOWN TORONTO - UNION STATION	1
Harbourview Estates II: Large 2 + Den in Downtown Toronto - City Place	2
Library District: Modern Unfurnished 2 Bdrm Condo for Rent - Toronto	2
House for rent	
1BR+Den condo w/ locker+parking, seeks loving tenant(s) for April 1st	1
BEACHES STUDIO APT	0
Beautiful 2 bedroom available for lease!	2
Upscale, Luxury 1BR in Downtown, Toronto	1
5 Bedroom * 4 Baths House Sheppard/Don Valley Pkwy	5
New Build - 1bed - NOIR - Peter and King W - Nightlife	1
The Eglinton-Roehampton - 510 SqFt 1 bed, 1 bath - March 26 move in	1
AJAX* 2BR Bsmt ** 2 BATH * **NEW**	2
The Eglinton / Redpath -Manor 1+den (can be 2 bed) 2bath April 28	1
1+Den bed - The Eglinton - Brair Hill - March 6, 2019 - $2350	1
Apr 1st  Spacious Bright 1 Bedroom Basement	1
Stunning 2 Bedroom 2 Bathroom Suite with City and Waterviews	2
Elegant 2 Bedroom Suite with Marble Bathroom and Den	2
Gorgeous 2 Bedroom 2 Bathroom Suite with Den & City Views - Furnished	2
Gorgeous 1 Bedroom Main Floor Suite with Office Area - Furnished	1
North York Toronto Furnished Entire Floor Suite on Romney Road	
Stylish Two Level Townhouse with Exposed Concrete	
Superb 3 Bedroom with 2.5 Bathroom plus Fireplace and Hardwood Floors	3
1 Bedroom Suite with 2 Levels and Stainless Steel Appliances	1
Bright 2 Bedroom 1.5 Bathroom Loft with Skylights, Fireplace	2
Central 1 Bedroom Suite with Den, Storage Locker and Balcony	1
Sophisticated 1 Bedroom plus 2 Bathrooms with Balcony	1
Trendy 3 Bedroom 2 Bathroom Home with Patio, Skylight and Balcony	3
Stylish 2 Bedroom 2 Bathroom Suite with 2 Balconies and Parking	2
Charming One Bedroom Plus Den With Convenient Wall Kitchen and Balcony	1
Ample 2 Bedroom Second Floor Suite with Private Entrance - Furnished	2
Exquisite 1 Bedroom plus 1 Bathroom and Hardwood Floors	1
Spacious 2 Bedroom 2 Bathroom Suite with City Views and Sunny Solarium	2
Modern 1 Bedroom plus 1 Bathroom with Balcony and Sweeping City Views	1
Spacious 3 Bedroom plus 2.5 Bathroom with Garage and Balcony	3
Fresh 2 Bedroom 1 Bathroom Suite with High Ceilings	2
Classic 2 Bedroom Corner Suite with Parking & Office Area - Furnished	2
Gorgeous 3 Bed 2 Bath Suite with Ample Layout & Parking - Furnished	3
Chic 2 Bedroom Suite with Balcony and Amazing Building Amenities	2
Stylish 2 Bedroom 2 Bathroom Suite with Patio & Parking	2
Dazzling 3 Bedroom 2 Bathroom Corner Suite with Parking and Balcony	3
Charming 3 Bedroom plus 1.5 Bathroom with Hardwood Floors and Private	3
Comfortable 2 Bedroom 2 Bathroom Suite with Hardwood Floors	2
Decadent 3 Bedroom Home with Fireplace and 3 Outdoor Parking Spots	3
Trendy 1 Bedroom 2 Bathrooms Suite with Office Area and City Views	1
